"ID","아이템명","분류","등급","기본 수치","지역당 성장","최소 지역(0~7)","고정 효과","플레이버 텍스트"
"w0","쇠 장검","무기-검","가변","지역·등급에 따라 결정","0","0","없음","이전 방랑자의 흔적이 남은 장비."
"w1","사냥꾼의 단검","무기-단검","가변","지역·등급에 따라 결정","0","0","없음","이전 방랑자의 흔적이 남은 장비."
"w2","참나무 지팡이","무기-지팡이","가변","지역·등급에 따라 결정","0","0","없음","이전 방랑자의 흔적이 남은 장비."
"w3","수호자의 창","무기-창","가변","지역·등급에 따라 결정","0","0","없음","이전 방랑자의 흔적이 남은 장비."
"w4","톱날 검","무기-검","가변","지역·등급에 따라 결정","0","0","없음","이전 방랑자의 흔적이 남은 장비."
"w5","쌍날 도끼","무기-도끼","가변","지역·등급에 따라 결정","0","0","없음","이전 방랑자의 흔적이 남은 장비."
"w6","은빛 레이피어","무기-레이피어","가변","지역·등급에 따라 결정","0","0","없음","이전 방랑자의 흔적이 남은 장비."
"w7","가시 채찍","무기-채찍","가변","지역·등급에 따라 결정","0","0","없음","이전 방랑자의 흔적이 남은 장비."
"w8","번개 지팡이","무기-지팡이","가변","지역·등급에 따라 결정","0","0","없음","이전 방랑자의 흔적이 남은 장비."
"w9","서리 대검","무기-대검","가변","지역·등급에 따라 결정","0","0","없음","이전 방랑자의 흔적이 남은 장비."
"w10","흑요석 낫","무기-낫","가변","지역·등급에 따라 결정","0","0","없음","이전 방랑자의 흔적이 남은 장비."
"w11","룬 장검","무기-검","가변","지역·등급에 따라 결정","0","0","없음","이전 방랑자의 흔적이 남은 장비."
"w12","사막의 곡도","무기-곡도","가변","지역·등급에 따라 결정","0","0","없음","이전 방랑자의 흔적이 남은 장비."
"w13","달빛 활","무기-활","가변","지역·등급에 따라 결정","0","0","없음","이전 방랑자의 흔적이 남은 장비."
"w14","금서의 마도서","무기-마도서","가변","지역·등급에 따라 결정","0","0","없음","이전 방랑자의 흔적이 남은 장비."
"w15","별철 해머","무기-해머","가변","지역·등급에 따라 결정","0","0","없음","이전 방랑자의 흔적이 남은 장비."
"w16","황혼의 서약","무기-검","가변","지역·등급에 따라 결정","0","0","회피 % 무작위","이전 방랑자의 흔적이 남은 장비."
"w17","밤을 찢는 송곳니","무기-단검","가변","지역·등급에 따라 결정","0","0","흡혈 % 무작위","이전 방랑자의 흔적이 남은 장비."
"w18","태양의 잿가루","무기-마도서","가변","지역·등급에 따라 결정","0","0","20% 중독 피해 무작위","이전 방랑자의 흔적이 남은 장비."
"w19","거짓말쟁이의 주사위","무기-주사위","가변","지역·등급에 따라 결정","0","0","20% 화상 피해 무작위","이전 방랑자의 흔적이 남은 장비."
"w20","시간을 베는 검","무기-검","가변","지역·등급에 따라 결정","0","0","기절 확률 % 무작위","이전 방랑자의 흔적이 남은 장비."
"w21","왕의 마지막 명령","무기-검","가변","지역·등급에 따라 결정","0","0","반사 피해 무작위","이전 방랑자의 흔적이 남은 장비."
"w22","공허의 심판","무기-검","가변","지역·등급에 따라 결정","0","0","최대 MP 무작위","이전 방랑자의 흔적이 남은 장비."
"w23","첫 불씨","무기-검","가변","지역·등급에 따라 결정","0","0","행운 % 무작위","이전 방랑자의 흔적이 남은 장비."
"a0","가죽 외투","방어구","가변","지역·등급에 따라 결정","0","0","없음","이전 방랑자의 흔적이 남은 장비."
"a1","쇠사슬 갑옷","방어구","가변","지역·등급에 따라 결정","0","0","없음","이전 방랑자의 흔적이 남은 장비."
"a2","사냥꾼의 망토","방어구","가변","지역·등급에 따라 결정","0","0","없음","이전 방랑자의 흔적이 남은 장비."
"a3","수도사의 로브","방어구","가변","지역·등급에 따라 결정","0","0","없음","이전 방랑자의 흔적이 남은 장비."
"a4","은빛 흉갑","방어구","가변","지역·등급에 따라 결정","0","0","없음","이전 방랑자의 흔적이 남은 장비."
"a5","늪지의 가죽옷","방어구","가변","지역·등급에 따라 결정","0","0","없음","이전 방랑자의 흔적이 남은 장비."
"a6","그림자 외투","방어구","가변","지역·등급에 따라 결정","0","0","없음","이전 방랑자의 흔적이 남은 장비."
"a7","룬 갑옷","방어구","가변","지역·등급에 따라 결정","0","0","없음","이전 방랑자의 흔적이 남은 장비."
"a8","사막의 수의","방어구","가변","지역·등급에 따라 결정","0","0","없음","이전 방랑자의 흔적이 남은 장비."
"a9","달의 예복","방어구","가변","지역·등급에 따라 결정","0","0","없음","이전 방랑자의 흔적이 남은 장비."
"a10","별철 판금","방어구","가변","지역·등급에 따라 결정","0","0","방어 무작위","이전 방랑자의 흔적이 남은 장비."
"a11","새벽의 날개","방어구","가변","지역·등급에 따라 결정","0","0","방어 무작위","이전 방랑자의 흔적이 남은 장비."
"t0","낡은 부적","장신구","가변","지역·등급에 따라 결정","0","0","없음","이전 방랑자의 흔적이 남은 장비."
"t1","사냥꾼의 이빨","장신구","가변","지역·등급에 따라 결정","0","0","없음","이전 방랑자의 흔적이 남은 장비."
"t2","푸른 유리","장신구","가변","지역·등급에 따라 결정","0","0","없음","이전 방랑자의 흔적이 남은 장비."
"t3","구리 회중시계","장신구","가변","지역·등급에 따라 결정","0","0","없음","이전 방랑자의 흔적이 남은 장비."
"t4","은빛 묵주","장신구","가변","지역·등급에 따라 결정","0","0","없음","이전 방랑자의 흔적이 남은 장비."
"t5","마녀의 반지","장신구","가변","지역·등급에 따라 결정","0","0","없음","이전 방랑자의 흔적이 남은 장비."
"t6","피의 보석","장신구","가변","지역·등급에 따라 결정","0","0","없음","이전 방랑자의 흔적이 남은 장비."
"t7","행운의 동전","장신구","가변","지역·등급에 따라 결정","0","0","없음","이전 방랑자의 흔적이 남은 장비."
"t8","달의 조각","장신구","가변","지역·등급에 따라 결정","0","0","없음","이전 방랑자의 흔적이 남은 장비."
"t9","별의 나침반","장신구","가변","지역·등급에 따라 결정","0","0","없음","이전 방랑자의 흔적이 남은 장비."
"t10","멈춘 시계","장신구","가변","지역·등급에 따라 결정","0","0","행운 % 무작위","이전 방랑자의 흔적이 남은 장비."
"t11","잃어버린 왕관","장신구","가변","지역·등급에 따라 결정","0","0","행운 % 무작위","이전 방랑자의 흔적이 남은 장비."
"lit_sword_0","물먹은 갑판검","무기-검/도검류","일반","5","0","0","없음","물먹은 갑판검에는 도서계 붕괴 이전 주인의 선택이 작은 흠집으로 남아 있다."
"lit_sword_1","토끼굴의 녹슨 칼","무기-검/도검류","일반","5","0","0","없음","토끼굴의 녹슨 칼에는 도서계 붕괴 이전 주인의 선택이 작은 흠집으로 남아 있다."
"lit_sword_2","종이 병사의 철편검","무기-검/도검류","일반","6","0","0","없음","종이 병사의 철편검에는 도서계 붕괴 이전 주인의 선택이 작은 흠집으로 남아 있다."
"lit_sword_3","봉합사의 절개도","무기-검/도검류","일반","6","0","0","없음","봉합사의 절개도에는 도서계 붕괴 이전 주인의 선택이 작은 흠집으로 남아 있다."
"lit_sword_4","풍차 마을의 연습검","무기-검/도검류","일반","7","0","0","없음","풍차 마을의 연습검에는 도서계 붕괴 이전 주인의 선택이 작은 흠집으로 남아 있다."
"lit_sword_5","선실의 손잡이 짧은 칼","무기-검/도검류","일반","7","0","0","없음","선실의 손잡이 짧은 칼에는 도서계 붕괴 이전 주인의 선택이 작은 흠집으로 남아 있다."
"lit_sword_6","법정 경비의 직검","무기-검/도검류","일반","8","0","0","없음","법정 경비의 직검에는 도서계 붕괴 이전 주인의 선택이 작은 흠집으로 남아 있다."
"lit_sword_7","안개 여관의 낡은 도","무기-검/도검류","일반","8","0","0","없음","안개 여관의 낡은 도에는 도서계 붕괴 이전 주인의 선택이 작은 흠집으로 남아 있다."
"lit_sword_8","유리공의 무딘 절단검","무기-검/도검류","일반","9","0","0","없음","유리공의 무딘 절단검에는 도서계 붕괴 이전 주인의 선택이 작은 흠집으로 남아 있다."
"lit_sword_9","묘지기의 뼈자루 칼","무기-검/도검류","일반","9","0","0","없음","묘지기의 뼈자루 칼에는 도서계 붕괴 이전 주인의 선택이 작은 흠집으로 남아 있다."
"lit_sword_10","모자 가게의 재단검","무기-검/도검류","일반","10","0","0","공격 2","모자 가게의 재단검에는 도서계 붕괴 이전 주인의 선택이 작은 흠집으로 남아 있다."
"lit_sword_11","검댕 묻은 작업도","무기-검/도검류","일반","10","0","0","치명타 % 3","검댕 묻은 작업도에는 도서계 붕괴 이전 주인의 선택이 작은 흠집으로 남아 있다."
"lit_sword_12","염분에 닳은 사브르","무기-검/도검류","일반","11","0","0","방어 2","염분에 닳은 사브르에는 도서계 붕괴 이전 주인의 선택이 작은 흠집으로 남아 있다."
"lit_sword_13","마차 호위의 장도","무기-검/도검류","일반","11","0","0","최대 HP 8","마차 호위의 장도에는 도서계 붕괴 이전 주인의 선택이 작은 흠집으로 남아 있다."
"lit_sword_14","구빈원의 지급검","무기-검/도검류","일반","12","0","0","흡혈 % 3","구빈원의 지급검에는 도서계 붕괴 이전 주인의 선택이 작은 흠집으로 남아 있다."
"lit_sword_15","무너진 성벽의 군도","무기-검/도검류","일반","12","0","0","회피 % 3","무너진 성벽의 군도에는 도서계 붕괴 이전 주인의 선택이 작은 흠집으로 남아 있다."
"lit_sword_16","강변 나룻배의 곡검","무기-검/도검류","일반","13","0","0","20% 중독 피해 2","강변 나룻배의 곡검에는 도서계 붕괴 이전 주인의 선택이 작은 흠집으로 남아 있다."
"lit_sword_17","헌책방의 종이칼","무기-검/도검류","일반","13","0","0","20% 화상 피해 2","헌책방의 종이칼에는 도서계 붕괴 이전 주인의 선택이 작은 흠집으로 남아 있다."
"lit_sword_18","길 잃은 종자의 검","무기-검/도검류","일반","14","0","0","최대 MP 2","길 잃은 종자의 검에는 도서계 붕괴 이전 주인의 선택이 작은 흠집으로 남아 있다."
"lit_sword_19","폐실험실의 톱날도","무기-검/도검류","일반","14","0","0","행운 % 2","폐실험실의 톱날도에는 도서계 붕괴 이전 주인의 선택이 작은 흠집으로 남아 있다."
"lit_sword_20","피쿼드의 파도갈이","무기-검/도검류","희귀","16","0","0","방어 4","피쿼드의 파도갈이에는 도서계 붕괴 이전 주인의 선택이 작은 흠집으로 남아 있다."
"lit_sword_21","앨리스의 문틈검","무기-검/도검류","희귀","16","0","0","최대 HP 14","앨리스의 문틈검에는 도서계 붕괴 이전 주인의 선택이 작은 흠집으로 남아 있다."
"lit_sword_22","산초의 귀환도","무기-검/도검류","희귀","17","0","0","흡혈 % 5","산초의 귀환도에는 도서계 붕괴 이전 주인의 선택이 작은 흠집으로 남아 있다."
"lit_sword_23","피조물의 이름칼","무기-검/도검류","희귀","17","0","0","회피 % 5","피조물의 이름칼에는 도서계 붕괴 이전 주인의 선택이 작은 흠집으로 남아 있다."
"lit_sword_24","하트 병사의 반역검","무기-검/도검류","희귀","18","0","0","20% 중독 피해 4","하트 병사의 반역검에는 도서계 붕괴 이전 주인의 선택이 작은 흠집으로 남아 있다."
"lit_sword_25","증기 봉합의 절단검","무기-검/도검류","희귀","18","0","0","20% 화상 피해 4","증기 봉합의 절단검에는 도서계 붕괴 이전 주인의 선택이 작은 흠집으로 남아 있다."
"lit_sword_26","거울의 배면도","무기-검/도검류","희귀","19","0","0","최대 MP 4","거울의 배면도에는 도서계 붕괴 이전 주인의 선택이 작은 흠집으로 남아 있다."
"lit_sword_27","회중시계의 초침검","무기-검/도검류","희귀","19","0","0","행운 % 4","회중시계의 초침검에는 도서계 붕괴 이전 주인의 선택이 작은 흠집으로 남아 있다."
"lit_sword_28","백경 뼈의 양날검","무기-검/도검류","희귀","20","0","0","공격 4","백경 뼈의 양날검에는 도서계 붕괴 이전 주인의 선택이 작은 흠집으로 남아 있다."
"lit_sword_29","야간 우편의 암검","무기-검/도검류","희귀","20","0","0","치명타 % 5","야간 우편의 암검에는 도서계 붕괴 이전 주인의 선택이 작은 흠집으로 남아 있다."
"lit_sword_30","잊힌 법전의 집행도","무기-검/도검류","희귀","21","0","0","방어 4","잊힌 법전의 집행도에는 도서계 붕괴 이전 주인의 선택이 작은 흠집으로 남아 있다."
"lit_sword_31","황동 정맥의 장검","무기-검/도검류","희귀","21","0","0","최대 HP 14","황동 정맥의 장검에는 도서계 붕괴 이전 주인의 선택이 작은 흠집으로 남아 있다."
"lit_sword_32","재판을 거부한 검","무기-검/도검류","희귀","22","0","0","흡혈 % 5","재판을 거부한 검에는 도서계 붕괴 이전 주인의 선택이 작은 흠집으로 남아 있다."
"lit_sword_33","붉은 약병의 세검","무기-검/도검류","희귀","22","0","0","회피 % 5","붉은 약병의 세검에는 도서계 붕괴 이전 주인의 선택이 작은 흠집으로 남아 있다."
"lit_sword_34","등대의 그림자검","무기-검/도검류","희귀","23","0","0","20% 중독 피해 4","등대의 그림자검에는 도서계 붕괴 이전 주인의 선택이 작은 흠집으로 남아 있다."
"lit_sword_35","에이해브의 맹세도","무기-검/도검류","영웅","28","0","0","최대 MP 5","에이해브의 맹세도에는 도서계 붕괴 이전 주인의 선택이 작은 흠집으로 남아 있다."
"lit_sword_36","돈키호테의 없는 거인","무기-검/도검류","영웅","29","0","0","행운 % 5","돈키호테의 없는 거인에는 도서계 붕괴 이전 주인의 선택이 작은 흠집으로 남아 있다."
"lit_sword_37","창조주의 후회","무기-검/도검류","영웅","30","0","0","공격 5","창조주의 후회에는 도서계 붕괴 이전 주인의 선택이 작은 흠집으로 남아 있다."
"lit_sword_38","피조물의 첫 이름","무기-검/도검류","영웅","31","0","0","치명타 % 6","피조물의 첫 이름에는 도서계 붕괴 이전 주인의 선택이 작은 흠집으로 남아 있다."
"lit_sword_39","하트 여왕의 공소검","무기-검/도검류","영웅","32","0","0","방어 5","하트 여왕의 공소검에는 도서계 붕괴 이전 주인의 선택이 작은 흠집으로 남아 있다."
"lit_sword_40","흰 토끼의 지각검","무기-검/도검류","영웅","33","0","0","최대 HP 17","흰 토끼의 지각검에는 도서계 붕괴 이전 주인의 선택이 작은 흠집으로 남아 있다."
"lit_sword_41","지킬의 절제와 하이드","무기-검/도검류","영웅","34","0","0","흡혈 % 6","지킬의 절제와 하이드에는 도서계 붕괴 이전 주인의 선택이 작은 흠집으로 남아 있다."
"lit_sword_42","성채를 떠난 백기사","무기-검/도검류","영웅","35","0","0","회피 % 6","성채를 떠난 백기사에는 도서계 붕괴 이전 주인의 선택이 작은 흠집으로 남아 있다."
"lit_sword_43","백지 연맹의 제본검","무기-검/도검류","영웅","36","0","0","20% 중독 피해 5","백지 연맹의 제본검에는 도서계 붕괴 이전 주인의 선택이 작은 흠집으로 남아 있다."
"lit_sword_44","대홍수의 책갈피","무기-검/도검류","영웅","37","0","0","20% 화상 피해 5","대홍수의 책갈피에는 도서계 붕괴 이전 주인의 선택이 작은 흠집으로 남아 있다."
"lit_sword_45","백경의 마지막 수평선","무기-검/도검류","전설","42","0","0","행운 % 6","에이해브가 끝내 붙잡지 못한 수평선이 칼날 안에 갇혔다. 휘두를 때마다 먼 바다의 종소리가 난다."
"lit_sword_46","라만차의 부서지지 않는 꿈","무기-검/도검류","전설","44","0","0","공격 6","풍차를 베지 못한 검은 비웃음에도 부러지지 않았다. 누군가를 지키겠다는 거짓말이 끝내 진실이 되었다."
"lit_sword_47","프로메테우스의 봉합선","무기-검/도검류","전설","46","0","0","치명타 % 7","창조주가 끊어 버린 생명의 실을 다시 잇는다. 이 검의 주인은 만들어진 자의 이름을 먼저 묻는다."
"lit_sword_48","하트 없는 왕관","무기-검/도검류","전설","48","0","0","방어 6","모든 재판이 끝난 뒤 왕관만 남았다. 목을 베라는 명령 대신 명령 그 자체를 벤다."
"lit_sword_49","첫 문장을 베는 자","무기-검/도검류","전설","50","0","0","최대 HP 20","도서계가 찢어지던 밤 이름 없는 독자가 휘두른 검. 종이가 아닌 결말의 가능성을 가른다."
"set_weapon_0","토끼굴의 창","무기-창","일반","3","1","0","없음","갑자기 달라진 크기에도 돌아갈 문을 기억한다."
"set_weapon_1","하트 법정의 창","무기-창","고급","7","1","0","치명타 % +3","재판의 결론보다 먼저 사람의 목소리를 묻는다."
"set_weapon_2","흰 토끼의 시계의 창","무기-창","희귀","11","1","1","최대 MP +2","늦었다는 종소리가 울릴 때도 한 번 더 집중한다."
"set_weapon_3","거울 나라의 창","무기-창","영웅","12","1","2","방어 +4 / 공격 +4","반영 속 상처를 현실의 갑옷으로 바꾼다."
"set_weapon_4","피쿼드의 항해의 창","무기-창","전설","16","1","4","공격 +5","항해를 멈춘 갑판에도 오래된 맹세가 남았다."
"set_weapon_5","백경의 상흔의 창","무기-창","신화","20","1","6","흡혈 % +7 / 공격 +6","먼 바다의 상처가 살아남는 자에게 온기를 돌려준다."
"set_weapon_6","라만차의 꿈의 창","무기-창","일반","3","1","0","없음","비웃음을 견딘 꿈은 누군가의 방패가 된다."
"set_weapon_7","산초의 귀환길의 창","무기-창","고급","7","1","0","반사 피해 +2","돌아갈 길의 돌멩이도 위험을 향하면 무기가 된다."
"set_weapon_8","봉합 실험실의 창","무기-창","희귀","11","1","1","최대 HP +9","이음새의 흉터는 실패가 아니라 생존의 기록이다."
"set_weapon_9","피조물의 이름의 창","무기-창","영웅","12","1","2","흡혈 % +5 / 공격 +4","남에게 받은 이름 대신 스스로 선택한 이름을 새겼다."
"set_weapon_10","노틸러스의 심해의 창","무기-창","전설","16","1","4","기절 확률 % +5 / 공격 +5","압력에 갇힌 번개의 기억이 금속 안에서 흔들린다."
"set_weapon_11","오즈의 녹색 도시의 창","무기-창","신화","20","1","6","행운 % +3 / 공격 +6","녹색 유리 아래 숨은 진실을 한 조각씩 드러낸다."
"set_weapon_12","셜우드의 숲의 창","무기-창","일반","3","1","0","없음","숲의 사람에게 나눈 몫을 이 물건은 기억한다."
"set_weapon_13","노트르담의 종의 창","무기-창","고급","7","1","0","방어 +2","쫓겨난 사람이 돌아오는 날 종이 다시 울린다."
"set_weapon_14","몽테크리스토의 장부의 창","무기-창","희귀","11","1","1","공격 +3","복수의 값과 자유의 값이 다른 칸에 적혀 있다."
"set_weapon_15","시간 기계의 잔광의 창","무기-창","영웅","12","1","2","회피 % +5 / 공격 +4","미래에서 흘러온 작은 빛이 지금의 빈틈을 보여 준다."
"set_weapon_16","드라큘라의 새벽의 창","무기-창","전설","16","1","4","20% 중독 피해 +5 / 공격 +5","초대받지 않은 밤이 문턱에서 천천히 힘을 잃는다."
"set_weapon_17","천일야화의 등불의 창","무기-창","신화","20","1","6","최대 MP +3 / 공격 +6","이야기가 이어지는 동안 아직 끝은 오지 않는다."
"set_weapon_18","성냥팔이의 불씨의 창","무기-창","일반","3","1","0","없음","사라진 소원의 온기를 살아 있는 사람에게 전한다."
"set_weapon_19","파우스트의 서명의 창","무기-창","고급","7","1","0","행운 % +1","계약의 끝에 남은 빈 줄은 아직 당신의 것이다."
"set_weapon_20","토끼굴의 작살","무기-작살","고급","8","1","0","회피 % +3","갑자기 달라진 크기에도 돌아갈 문을 기억한다."
"set_weapon_21","하트 법정의 작살","무기-작살","희귀","9","1","1","치명타 % +4","재판의 결론보다 먼저 사람의 목소리를 묻는다."
"set_weapon_22","흰 토끼의 시계의 작살","무기-작살","영웅","13","1","2","최대 MP +2 / 치명타 % +5","늦었다는 종소리가 울릴 때도 한 번 더 집중한다."
"set_weapon_23","거울 나라의 작살","무기-작살","전설","17","1","4","방어 +5 / 치명타 % +6","반영 속 상처를 현실의 갑옷으로 바꾼다."
"set_weapon_24","피쿼드의 항해의 작살","무기-작살","신화","18","1","6","공격 +6 / 치명타 % +7","항해를 멈춘 갑판에도 오래된 맹세가 남았다."
"set_weapon_25","백경의 상흔의 작살","무기-작살","일반","4","1","0","없음","먼 바다의 상처가 살아남는 자에게 온기를 돌려준다."
"set_weapon_26","라만차의 꿈의 작살","무기-작살","고급","8","1","0","최대 HP +7","비웃음을 견딘 꿈은 누군가의 방패가 된다."
"set_weapon_27","산초의 귀환길의 작살","무기-작살","희귀","9","1","1","반사 피해 +3","돌아갈 길의 돌멩이도 위험을 향하면 무기가 된다."
"set_weapon_28","봉합 실험실의 작살","무기-작살","영웅","13","1","2","최대 HP +11 / 치명타 % +5","이음새의 흉터는 실패가 아니라 생존의 기록이다."
"set_weapon_29","피조물의 이름의 작살","무기-작살","전설","17","1","4","흡혈 % +6 / 치명타 % +6","남에게 받은 이름 대신 스스로 선택한 이름을 새겼다."
"set_weapon_30","노틸러스의 심해의 작살","무기-작살","신화","18","1","6","기절 확률 % +6 / 치명타 % +7","압력에 갇힌 번개의 기억이 금속 안에서 흔들린다."
"set_weapon_31","오즈의 녹색 도시의 작살","무기-작살","일반","4","1","0","없음","녹색 유리 아래 숨은 진실을 한 조각씩 드러낸다."
"set_weapon_32","셜우드의 숲의 작살","무기-작살","고급","8","1","0","치명타 % +3","숲의 사람에게 나눈 몫을 이 물건은 기억한다."
"set_weapon_33","노트르담의 종의 작살","무기-작살","희귀","9","1","1","방어 +3","쫓겨난 사람이 돌아오는 날 종이 다시 울린다."
"set_weapon_34","몽테크리스토의 장부의 작살","무기-작살","영웅","13","1","2","공격 +4 / 치명타 % +5","복수의 값과 자유의 값이 다른 칸에 적혀 있다."
"set_weapon_35","시간 기계의 잔광의 작살","무기-작살","전설","17","1","4","회피 % +6 / 치명타 % +6","미래에서 흘러온 작은 빛이 지금의 빈틈을 보여 준다."
"set_weapon_36","드라큘라의 새벽의 작살","무기-작살","신화","18","1","6","20% 중독 피해 +6 / 치명타 % +7","초대받지 않은 밤이 문턱에서 천천히 힘을 잃는다."
"set_weapon_37","천일야화의 등불의 작살","무기-작살","일반","4","1","0","없음","이야기가 이어지는 동안 아직 끝은 오지 않는다."
"set_weapon_38","성냥팔이의 불씨의 작살","무기-작살","고급","8","1","0","20% 화상 피해 +2","사라진 소원의 온기를 살아 있는 사람에게 전한다."
"set_weapon_39","파우스트의 서명의 작살","무기-작살","희귀","9","1","1","행운 % +2","계약의 끝에 남은 빈 줄은 아직 당신의 것이다."
"set_weapon_40","토끼굴의 활","무기-활","희귀","10","1","1","회피 % +4","갑자기 달라진 크기에도 돌아갈 문을 기억한다."
"set_weapon_41","하트 법정의 활","무기-활","영웅","14","1","2","치명타 % +5 / 회피 % +5","재판의 결론보다 먼저 사람의 목소리를 묻는다."
"set_weapon_42","흰 토끼의 시계의 활","무기-활","전설","15","1","4","최대 MP +3 / 회피 % +6","늦었다는 종소리가 울릴 때도 한 번 더 집중한다."
"set_weapon_43","거울 나라의 활","무기-활","신화","19","1","6","방어 +6 / 회피 % +7","반영 속 상처를 현실의 갑옷으로 바꾼다."
"set_weapon_44","피쿼드의 항해의 활","무기-활","일반","5","1","0","없음","항해를 멈춘 갑판에도 오래된 맹세가 남았다."
"set_weapon_45","백경의 상흔의 활","무기-활","고급","6","1","0","흡혈 % +3","먼 바다의 상처가 살아남는 자에게 온기를 돌려준다."
"set_weapon_46","라만차의 꿈의 활","무기-활","희귀","10","1","1","최대 HP +9","비웃음을 견딘 꿈은 누군가의 방패가 된다."
"set_weapon_47","산초의 귀환길의 활","무기-활","영웅","14","1","2","반사 피해 +4 / 회피 % +5","돌아갈 길의 돌멩이도 위험을 향하면 무기가 된다."
"set_weapon_48","봉합 실험실의 활","무기-활","전설","15","1","4","최대 HP +13 / 회피 % +6","이음새의 흉터는 실패가 아니라 생존의 기록이다."
"set_weapon_49","피조물의 이름의 활","무기-활","신화","19","1","6","흡혈 % +7 / 회피 % +7","남에게 받은 이름 대신 스스로 선택한 이름을 새겼다."
"set_weapon_50","노틸러스의 심해의 활","무기-활","일반","5","1","0","없음","압력에 갇힌 번개의 기억이 금속 안에서 흔들린다."
"set_weapon_51","오즈의 녹색 도시의 활","무기-활","고급","6","1","0","행운 % +1","녹색 유리 아래 숨은 진실을 한 조각씩 드러낸다."
"set_weapon_52","셜우드의 숲의 활","무기-활","희귀","10","1","1","치명타 % +4","숲의 사람에게 나눈 몫을 이 물건은 기억한다."
"set_weapon_53","노트르담의 종의 활","무기-활","영웅","14","1","2","방어 +4 / 회피 % +5","쫓겨난 사람이 돌아오는 날 종이 다시 울린다."
"set_weapon_54","몽테크리스토의 장부의 활","무기-활","전설","15","1","4","공격 +5 / 회피 % +6","복수의 값과 자유의 값이 다른 칸에 적혀 있다."
"set_weapon_55","시간 기계의 잔광의 활","무기-활","신화","19","1","6","회피 % +7","미래에서 흘러온 작은 빛이 지금의 빈틈을 보여 준다."
"set_weapon_56","드라큘라의 새벽의 활","무기-활","일반","5","1","0","없음","초대받지 않은 밤이 문턱에서 천천히 힘을 잃는다."
"set_weapon_57","천일야화의 등불의 활","무기-활","고급","6","1","0","최대 MP +1","이야기가 이어지는 동안 아직 끝은 오지 않는다."
"set_weapon_58","성냥팔이의 불씨의 활","무기-활","희귀","10","1","1","20% 화상 피해 +3","사라진 소원의 온기를 살아 있는 사람에게 전한다."
"set_weapon_59","파우스트의 서명의 활","무기-활","영웅","14","1","2","행운 % +2 / 회피 % +5","계약의 끝에 남은 빈 줄은 아직 당신의 것이다."
"set_weapon_60","토끼굴의 쇠뇌","무기-쇠뇌","영웅","12","1","2","회피 % +5 / 공격 +4","갑자기 달라진 크기에도 돌아갈 문을 기억한다."
"set_weapon_61","하트 법정의 쇠뇌","무기-쇠뇌","전설","16","1","4","치명타 % +6 / 공격 +5","재판의 결론보다 먼저 사람의 목소리를 묻는다."
"set_weapon_62","흰 토끼의 시계의 쇠뇌","무기-쇠뇌","신화","20","1","6","최대 MP +3 / 공격 +6","늦었다는 종소리가 울릴 때도 한 번 더 집중한다."
"set_weapon_63","거울 나라의 쇠뇌","무기-쇠뇌","일반","3","1","0","없음","반영 속 상처를 현실의 갑옷으로 바꾼다."
"set_weapon_64","피쿼드의 항해의 쇠뇌","무기-쇠뇌","고급","7","1","0","공격 +2","항해를 멈춘 갑판에도 오래된 맹세가 남았다."
"set_weapon_65","백경의 상흔의 쇠뇌","무기-쇠뇌","희귀","11","1","1","흡혈 % +4","먼 바다의 상처가 살아남는 자에게 온기를 돌려준다."
"set_weapon_66","라만차의 꿈의 쇠뇌","무기-쇠뇌","영웅","12","1","2","최대 HP +11 / 공격 +4","비웃음을 견딘 꿈은 누군가의 방패가 된다."
"set_weapon_67","산초의 귀환길의 쇠뇌","무기-쇠뇌","전설","16","1","4","반사 피해 +5 / 공격 +5","돌아갈 길의 돌멩이도 위험을 향하면 무기가 된다."
"set_weapon_68","봉합 실험실의 쇠뇌","무기-쇠뇌","신화","20","1","6","최대 HP +15 / 공격 +6","이음새의 흉터는 실패가 아니라 생존의 기록이다."
"set_weapon_69","피조물의 이름의 쇠뇌","무기-쇠뇌","일반","3","1","0","없음","남에게 받은 이름 대신 스스로 선택한 이름을 새겼다."
"set_weapon_70","노틸러스의 심해의 쇠뇌","무기-쇠뇌","고급","7","1","0","기절 확률 % +2","압력에 갇힌 번개의 기억이 금속 안에서 흔들린다."
"set_weapon_71","오즈의 녹색 도시의 쇠뇌","무기-쇠뇌","희귀","11","1","1","행운 % +2","녹색 유리 아래 숨은 진실을 한 조각씩 드러낸다."
"set_weapon_72","셜우드의 숲의 쇠뇌","무기-쇠뇌","영웅","12","1","2","치명타 % +5 / 공격 +4","숲의 사람에게 나눈 몫을 이 물건은 기억한다."
"set_weapon_73","노트르담의 종의 쇠뇌","무기-쇠뇌","전설","16","1","4","방어 +5 / 공격 +5","쫓겨난 사람이 돌아오는 날 종이 다시 울린다."
"set_weapon_74","몽테크리스토의 장부의 쇠뇌","무기-쇠뇌","신화","20","1","6","공격 +6","복수의 값과 자유의 값이 다른 칸에 적혀 있다."
"set_weapon_75","시간 기계의 잔광의 쇠뇌","무기-쇠뇌","일반","3","1","0","없음","미래에서 흘러온 작은 빛이 지금의 빈틈을 보여 준다."
"set_weapon_76","드라큘라의 새벽의 쇠뇌","무기-쇠뇌","고급","7","1","0","20% 중독 피해 +2","초대받지 않은 밤이 문턱에서 천천히 힘을 잃는다."
"set_weapon_77","천일야화의 등불의 쇠뇌","무기-쇠뇌","희귀","11","1","1","최대 MP +2","이야기가 이어지는 동안 아직 끝은 오지 않는다."
"set_weapon_78","성냥팔이의 불씨의 쇠뇌","무기-쇠뇌","영웅","12","1","2","20% 화상 피해 +4 / 공격 +4","사라진 소원의 온기를 살아 있는 사람에게 전한다."
"set_weapon_79","파우스트의 서명의 쇠뇌","무기-쇠뇌","전설","16","1","4","행운 % +3 / 공격 +5","계약의 끝에 남은 빈 줄은 아직 당신의 것이다."
"set_weapon_80","토끼굴의 도끼","무기-도끼","전설","17","1","4","회피 % +6 / 공격 +5","갑자기 달라진 크기에도 돌아갈 문을 기억한다."
"set_weapon_81","하트 법정의 도끼","무기-도끼","신화","18","1","6","치명타 % +7 / 공격 +6","재판의 결론보다 먼저 사람의 목소리를 묻는다."
"set_weapon_82","흰 토끼의 시계의 도끼","무기-도끼","일반","4","1","0","없음","늦었다는 종소리가 울릴 때도 한 번 더 집중한다."
"set_weapon_83","거울 나라의 도끼","무기-도끼","고급","8","1","0","방어 +2","반영 속 상처를 현실의 갑옷으로 바꾼다."
"set_weapon_84","피쿼드의 항해의 도끼","무기-도끼","희귀","9","1","1","공격 +3","항해를 멈춘 갑판에도 오래된 맹세가 남았다."
"set_weapon_85","백경의 상흔의 도끼","무기-도끼","영웅","13","1","2","흡혈 % +5 / 공격 +4","먼 바다의 상처가 살아남는 자에게 온기를 돌려준다."
"set_weapon_86","라만차의 꿈의 도끼","무기-도끼","전설","17","1","4","최대 HP +13 / 공격 +5","비웃음을 견딘 꿈은 누군가의 방패가 된다."
"set_weapon_87","산초의 귀환길의 도끼","무기-도끼","신화","18","1","6","반사 피해 +6 / 공격 +6","돌아갈 길의 돌멩이도 위험을 향하면 무기가 된다."
"set_weapon_88","봉합 실험실의 도끼","무기-도끼","일반","4","1","0","없음","이음새의 흉터는 실패가 아니라 생존의 기록이다."
"set_weapon_89","피조물의 이름의 도끼","무기-도끼","고급","8","1","0","흡혈 % +3","남에게 받은 이름 대신 스스로 선택한 이름을 새겼다."
"set_weapon_90","노틸러스의 심해의 도끼","무기-도끼","희귀","9","1","1","기절 확률 % +3","압력에 갇힌 번개의 기억이 금속 안에서 흔들린다."
"set_weapon_91","오즈의 녹색 도시의 도끼","무기-도끼","영웅","13","1","2","행운 % +2 / 공격 +4","녹색 유리 아래 숨은 진실을 한 조각씩 드러낸다."
"set_weapon_92","셜우드의 숲의 도끼","무기-도끼","전설","17","1","4","치명타 % +6 / 공격 +5","숲의 사람에게 나눈 몫을 이 물건은 기억한다."
"set_weapon_93","노트르담의 종의 도끼","무기-도끼","신화","18","1","6","방어 +6 / 공격 +6","쫓겨난 사람이 돌아오는 날 종이 다시 울린다."
"set_weapon_94","몽테크리스토의 장부의 도끼","무기-도끼","일반","4","1","0","없음","복수의 값과 자유의 값이 다른 칸에 적혀 있다."
"set_weapon_95","시간 기계의 잔광의 도끼","무기-도끼","고급","8","1","0","회피 % +3","미래에서 흘러온 작은 빛이 지금의 빈틈을 보여 준다."
"set_weapon_96","드라큘라의 새벽의 도끼","무기-도끼","희귀","9","1","1","20% 중독 피해 +3","초대받지 않은 밤이 문턱에서 천천히 힘을 잃는다."
"set_weapon_97","천일야화의 등불의 도끼","무기-도끼","영웅","13","1","2","최대 MP +2 / 공격 +4","이야기가 이어지는 동안 아직 끝은 오지 않는다."
"set_weapon_98","성냥팔이의 불씨의 도끼","무기-도끼","전설","17","1","4","20% 화상 피해 +5 / 공격 +5","사라진 소원의 온기를 살아 있는 사람에게 전한다."
"set_weapon_99","파우스트의 서명의 도끼","무기-도끼","신화","18","1","6","행운 % +3 / 공격 +6","계약의 끝에 남은 빈 줄은 아직 당신의 것이다."
"set_weapon_100","토끼굴의 해머","무기-해머","신화","19","1","6","회피 % +7 / 기절 확률 % +6","갑자기 달라진 크기에도 돌아갈 문을 기억한다."
"set_weapon_101","하트 법정의 해머","무기-해머","일반","5","1","0","없음","재판의 결론보다 먼저 사람의 목소리를 묻는다."
"set_weapon_102","흰 토끼의 시계의 해머","무기-해머","고급","6","1","0","최대 MP +1","늦었다는 종소리가 울릴 때도 한 번 더 집중한다."
"set_weapon_103","거울 나라의 해머","무기-해머","희귀","10","1","1","방어 +3","반영 속 상처를 현실의 갑옷으로 바꾼다."
"set_weapon_104","피쿼드의 항해의 해머","무기-해머","영웅","14","1","2","공격 +4 / 기절 확률 % +4","항해를 멈춘 갑판에도 오래된 맹세가 남았다."
"set_weapon_105","백경의 상흔의 해머","무기-해머","전설","15","1","4","흡혈 % +6 / 기절 확률 % +5","먼 바다의 상처가 살아남는 자에게 온기를 돌려준다."
"set_weapon_106","라만차의 꿈의 해머","무기-해머","신화","19","1","6","최대 HP +15 / 기절 확률 % +6","비웃음을 견딘 꿈은 누군가의 방패가 된다."
"set_weapon_107","산초의 귀환길의 해머","무기-해머","일반","5","1","0","없음","돌아갈 길의 돌멩이도 위험을 향하면 무기가 된다."
"set_weapon_108","봉합 실험실의 해머","무기-해머","고급","6","1","0","최대 HP +7","이음새의 흉터는 실패가 아니라 생존의 기록이다."
"set_weapon_109","피조물의 이름의 해머","무기-해머","희귀","10","1","1","흡혈 % +4","남에게 받은 이름 대신 스스로 선택한 이름을 새겼다."
"set_weapon_110","노틸러스의 심해의 해머","무기-해머","영웅","14","1","2","기절 확률 % +4","압력에 갇힌 번개의 기억이 금속 안에서 흔들린다."
"set_weapon_111","오즈의 녹색 도시의 해머","무기-해머","전설","15","1","4","행운 % +3 / 기절 확률 % +5","녹색 유리 아래 숨은 진실을 한 조각씩 드러낸다."
"set_weapon_112","셜우드의 숲의 해머","무기-해머","신화","19","1","6","치명타 % +7 / 기절 확률 % +6","숲의 사람에게 나눈 몫을 이 물건은 기억한다."
"set_weapon_113","노트르담의 종의 해머","무기-해머","일반","5","1","0","없음","쫓겨난 사람이 돌아오는 날 종이 다시 울린다."
"set_weapon_114","몽테크리스토의 장부의 해머","무기-해머","고급","6","1","0","공격 +2","복수의 값과 자유의 값이 다른 칸에 적혀 있다."
"set_weapon_115","시간 기계의 잔광의 해머","무기-해머","희귀","10","1","1","회피 % +4","미래에서 흘러온 작은 빛이 지금의 빈틈을 보여 준다."
"set_weapon_116","드라큘라의 새벽의 해머","무기-해머","영웅","14","1","2","20% 중독 피해 +4 / 기절 확률 % +4","초대받지 않은 밤이 문턱에서 천천히 힘을 잃는다."
"set_weapon_117","천일야화의 등불의 해머","무기-해머","전설","15","1","4","최대 MP +3 / 기절 확률 % +5","이야기가 이어지는 동안 아직 끝은 오지 않는다."
"set_weapon_118","성냥팔이의 불씨의 해머","무기-해머","신화","19","1","6","20% 화상 피해 +6 / 기절 확률 % +6","사라진 소원의 온기를 살아 있는 사람에게 전한다."
"set_weapon_119","파우스트의 서명의 해머","무기-해머","일반","5","1","0","없음","계약의 끝에 남은 빈 줄은 아직 당신의 것이다."
"set_weapon_120","토끼굴의 지팡이","무기-지팡이","일반","3","1","0","없음","갑자기 달라진 크기에도 돌아갈 문을 기억한다."
"set_weapon_121","하트 법정의 지팡이","무기-지팡이","고급","7","1","0","치명타 % +3","재판의 결론보다 먼저 사람의 목소리를 묻는다."
"set_weapon_122","흰 토끼의 시계의 지팡이","무기-지팡이","희귀","11","1","1","최대 MP +2","늦었다는 종소리가 울릴 때도 한 번 더 집중한다."
"set_weapon_123","거울 나라의 지팡이","무기-지팡이","영웅","12","1","2","방어 +4 / 최대 MP +2","반영 속 상처를 현실의 갑옷으로 바꾼다."
"set_weapon_124","피쿼드의 항해의 지팡이","무기-지팡이","전설","16","1","4","공격 +5 / 최대 MP +3","항해를 멈춘 갑판에도 오래된 맹세가 남았다."
"set_weapon_125","백경의 상흔의 지팡이","무기-지팡이","신화","20","1","6","흡혈 % +7 / 최대 MP +3","먼 바다의 상처가 살아남는 자에게 온기를 돌려준다."
"set_weapon_126","라만차의 꿈의 지팡이","무기-지팡이","일반","3","1","0","없음","비웃음을 견딘 꿈은 누군가의 방패가 된다."
"set_weapon_127","산초의 귀환길의 지팡이","무기-지팡이","고급","7","1","0","반사 피해 +2","돌아갈 길의 돌멩이도 위험을 향하면 무기가 된다."
"set_weapon_128","봉합 실험실의 지팡이","무기-지팡이","희귀","11","1","1","최대 HP +9","이음새의 흉터는 실패가 아니라 생존의 기록이다."
"set_weapon_129","피조물의 이름의 지팡이","무기-지팡이","영웅","12","1","2","흡혈 % +5 / 최대 MP +2","남에게 받은 이름 대신 스스로 선택한 이름을 새겼다."
"set_weapon_130","노틸러스의 심해의 지팡이","무기-지팡이","전설","16","1","4","기절 확률 % +5 / 최대 MP +3","압력에 갇힌 번개의 기억이 금속 안에서 흔들린다."
"set_weapon_131","오즈의 녹색 도시의 지팡이","무기-지팡이","신화","20","1","6","행운 % +3 / 최대 MP +3","녹색 유리 아래 숨은 진실을 한 조각씩 드러낸다."
"set_weapon_132","셜우드의 숲의 지팡이","무기-지팡이","일반","3","1","0","없음","숲의 사람에게 나눈 몫을 이 물건은 기억한다."
"set_weapon_133","노트르담의 종의 지팡이","무기-지팡이","고급","7","1","0","방어 +2","쫓겨난 사람이 돌아오는 날 종이 다시 울린다."
"set_weapon_134","몽테크리스토의 장부의 지팡이","무기-지팡이","희귀","11","1","1","공격 +3","복수의 값과 자유의 값이 다른 칸에 적혀 있다."
"set_weapon_135","시간 기계의 잔광의 지팡이","무기-지팡이","영웅","12","1","2","회피 % +5 / 최대 MP +2","미래에서 흘러온 작은 빛이 지금의 빈틈을 보여 준다."
"set_weapon_136","드라큘라의 새벽의 지팡이","무기-지팡이","전설","16","1","4","20% 중독 피해 +5 / 최대 MP +3","초대받지 않은 밤이 문턱에서 천천히 힘을 잃는다."
"set_weapon_137","천일야화의 등불의 지팡이","무기-지팡이","신화","20","1","6","최대 MP +3","이야기가 이어지는 동안 아직 끝은 오지 않는다."
"set_weapon_138","성냥팔이의 불씨의 지팡이","무기-지팡이","일반","3","1","0","없음","사라진 소원의 온기를 살아 있는 사람에게 전한다."
"set_weapon_139","파우스트의 서명의 지팡이","무기-지팡이","고급","7","1","0","행운 % +1","계약의 끝에 남은 빈 줄은 아직 당신의 것이다."
"set_weapon_140","토끼굴의 마도서","무기-마도서","고급","8","1","0","회피 % +3","갑자기 달라진 크기에도 돌아갈 문을 기억한다."
"set_weapon_141","하트 법정의 마도서","무기-마도서","희귀","9","1","1","치명타 % +4","재판의 결론보다 먼저 사람의 목소리를 묻는다."
"set_weapon_142","흰 토끼의 시계의 마도서","무기-마도서","영웅","13","1","2","최대 MP +2","늦었다는 종소리가 울릴 때도 한 번 더 집중한다."
"set_weapon_143","거울 나라의 마도서","무기-마도서","전설","17","1","4","방어 +5 / 최대 MP +3","반영 속 상처를 현실의 갑옷으로 바꾼다."
"set_weapon_144","피쿼드의 항해의 마도서","무기-마도서","신화","18","1","6","공격 +6 / 최대 MP +3","항해를 멈춘 갑판에도 오래된 맹세가 남았다."
"set_weapon_145","백경의 상흔의 마도서","무기-마도서","일반","4","1","0","없음","먼 바다의 상처가 살아남는 자에게 온기를 돌려준다."
"set_weapon_146","라만차의 꿈의 마도서","무기-마도서","고급","8","1","0","최대 HP +7","비웃음을 견딘 꿈은 누군가의 방패가 된다."
"set_weapon_147","산초의 귀환길의 마도서","무기-마도서","희귀","9","1","1","반사 피해 +3","돌아갈 길의 돌멩이도 위험을 향하면 무기가 된다."
"set_weapon_148","봉합 실험실의 마도서","무기-마도서","영웅","13","1","2","최대 HP +11 / 최대 MP +2","이음새의 흉터는 실패가 아니라 생존의 기록이다."
"set_weapon_149","피조물의 이름의 마도서","무기-마도서","전설","17","1","4","흡혈 % +6 / 최대 MP +3","남에게 받은 이름 대신 스스로 선택한 이름을 새겼다."
"set_weapon_150","노틸러스의 심해의 마도서","무기-마도서","신화","18","1","6","기절 확률 % +6 / 최대 MP +3","압력에 갇힌 번개의 기억이 금속 안에서 흔들린다."
"set_weapon_151","오즈의 녹색 도시의 마도서","무기-마도서","일반","4","1","0","없음","녹색 유리 아래 숨은 진실을 한 조각씩 드러낸다."
"set_weapon_152","셜우드의 숲의 마도서","무기-마도서","고급","8","1","0","치명타 % +3","숲의 사람에게 나눈 몫을 이 물건은 기억한다."
"set_weapon_153","노트르담의 종의 마도서","무기-마도서","희귀","9","1","1","방어 +3","쫓겨난 사람이 돌아오는 날 종이 다시 울린다."
"set_weapon_154","몽테크리스토의 장부의 마도서","무기-마도서","영웅","13","1","2","공격 +4 / 최대 MP +2","복수의 값과 자유의 값이 다른 칸에 적혀 있다."
"set_weapon_155","시간 기계의 잔광의 마도서","무기-마도서","전설","17","1","4","회피 % +6 / 최대 MP +3","미래에서 흘러온 작은 빛이 지금의 빈틈을 보여 준다."
"set_weapon_156","드라큘라의 새벽의 마도서","무기-마도서","신화","18","1","6","20% 중독 피해 +6 / 최대 MP +3","초대받지 않은 밤이 문턱에서 천천히 힘을 잃는다."
"set_weapon_157","천일야화의 등불의 마도서","무기-마도서","일반","4","1","0","없음","이야기가 이어지는 동안 아직 끝은 오지 않는다."
"set_weapon_158","성냥팔이의 불씨의 마도서","무기-마도서","고급","8","1","0","20% 화상 피해 +2","사라진 소원의 온기를 살아 있는 사람에게 전한다."
"set_weapon_159","파우스트의 서명의 마도서","무기-마도서","희귀","9","1","1","행운 % +2","계약의 끝에 남은 빈 줄은 아직 당신의 것이다."
"set_weapon_160","토끼굴의 낫","무기-낫","희귀","10","1","1","회피 % +4","갑자기 달라진 크기에도 돌아갈 문을 기억한다."
"set_weapon_161","하트 법정의 낫","무기-낫","영웅","14","1","2","치명타 % +5 / 흡혈 % +5","재판의 결론보다 먼저 사람의 목소리를 묻는다."
"set_weapon_162","흰 토끼의 시계의 낫","무기-낫","전설","15","1","4","최대 MP +3 / 흡혈 % +6","늦었다는 종소리가 울릴 때도 한 번 더 집중한다."
"set_weapon_163","거울 나라의 낫","무기-낫","신화","19","1","6","방어 +6 / 흡혈 % +7","반영 속 상처를 현실의 갑옷으로 바꾼다."
"set_weapon_164","피쿼드의 항해의 낫","무기-낫","일반","5","1","0","없음","항해를 멈춘 갑판에도 오래된 맹세가 남았다."
"set_weapon_165","백경의 상흔의 낫","무기-낫","고급","6","1","0","흡혈 % +3","먼 바다의 상처가 살아남는 자에게 온기를 돌려준다."
"set_weapon_166","라만차의 꿈의 낫","무기-낫","희귀","10","1","1","최대 HP +9","비웃음을 견딘 꿈은 누군가의 방패가 된다."
"set_weapon_167","산초의 귀환길의 낫","무기-낫","영웅","14","1","2","반사 피해 +4 / 흡혈 % +5","돌아갈 길의 돌멩이도 위험을 향하면 무기가 된다."
"set_weapon_168","봉합 실험실의 낫","무기-낫","전설","15","1","4","최대 HP +13 / 흡혈 % +6","이음새의 흉터는 실패가 아니라 생존의 기록이다."
"set_weapon_169","피조물의 이름의 낫","무기-낫","신화","19","1","6","흡혈 % +7","남에게 받은 이름 대신 스스로 선택한 이름을 새겼다."
"set_weapon_170","노틸러스의 심해의 낫","무기-낫","일반","5","1","0","없음","압력에 갇힌 번개의 기억이 금속 안에서 흔들린다."
"set_weapon_171","오즈의 녹색 도시의 낫","무기-낫","고급","6","1","0","행운 % +1","녹색 유리 아래 숨은 진실을 한 조각씩 드러낸다."
"set_weapon_172","셜우드의 숲의 낫","무기-낫","희귀","10","1","1","치명타 % +4","숲의 사람에게 나눈 몫을 이 물건은 기억한다."
"set_weapon_173","노트르담의 종의 낫","무기-낫","영웅","14","1","2","방어 +4 / 흡혈 % +5","쫓겨난 사람이 돌아오는 날 종이 다시 울린다."
"set_weapon_174","몽테크리스토의 장부의 낫","무기-낫","전설","15","1","4","공격 +5 / 흡혈 % +6","복수의 값과 자유의 값이 다른 칸에 적혀 있다."
"set_weapon_175","시간 기계의 잔광의 낫","무기-낫","신화","19","1","6","회피 % +7 / 흡혈 % +7","미래에서 흘러온 작은 빛이 지금의 빈틈을 보여 준다."
"set_weapon_176","드라큘라의 새벽의 낫","무기-낫","일반","5","1","0","없음","초대받지 않은 밤이 문턱에서 천천히 힘을 잃는다."
"set_weapon_177","천일야화의 등불의 낫","무기-낫","고급","6","1","0","최대 MP +1","이야기가 이어지는 동안 아직 끝은 오지 않는다."
"set_weapon_178","성냥팔이의 불씨의 낫","무기-낫","희귀","10","1","1","20% 화상 피해 +3","사라진 소원의 온기를 살아 있는 사람에게 전한다."
"set_weapon_179","파우스트의 서명의 낫","무기-낫","영웅","14","1","2","행운 % +2 / 흡혈 % +5","계약의 끝에 남은 빈 줄은 아직 당신의 것이다."
"set_weapon_180","토끼굴의 채찍","무기-채찍","영웅","12","1","2","회피 % +5 / 20% 중독 피해 +4","갑자기 달라진 크기에도 돌아갈 문을 기억한다."
"set_weapon_181","하트 법정의 채찍","무기-채찍","전설","16","1","4","치명타 % +6 / 20% 중독 피해 +5","재판의 결론보다 먼저 사람의 목소리를 묻는다."
"set_weapon_182","흰 토끼의 시계의 채찍","무기-채찍","신화","20","1","6","최대 MP +3 / 20% 중독 피해 +6","늦었다는 종소리가 울릴 때도 한 번 더 집중한다."
"set_weapon_183","거울 나라의 채찍","무기-채찍","일반","3","1","0","없음","반영 속 상처를 현실의 갑옷으로 바꾼다."
"set_weapon_184","피쿼드의 항해의 채찍","무기-채찍","고급","7","1","0","공격 +2","항해를 멈춘 갑판에도 오래된 맹세가 남았다."
"set_weapon_185","백경의 상흔의 채찍","무기-채찍","희귀","11","1","1","흡혈 % +4","먼 바다의 상처가 살아남는 자에게 온기를 돌려준다."
"set_weapon_186","라만차의 꿈의 채찍","무기-채찍","영웅","12","1","2","최대 HP +11 / 20% 중독 피해 +4","비웃음을 견딘 꿈은 누군가의 방패가 된다."
"set_weapon_187","산초의 귀환길의 채찍","무기-채찍","전설","16","1","4","반사 피해 +5 / 20% 중독 피해 +5","돌아갈 길의 돌멩이도 위험을 향하면 무기가 된다."
"set_weapon_188","봉합 실험실의 채찍","무기-채찍","신화","20","1","6","최대 HP +15 / 20% 중독 피해 +6","이음새의 흉터는 실패가 아니라 생존의 기록이다."
"set_weapon_189","피조물의 이름의 채찍","무기-채찍","일반","3","1","0","없음","남에게 받은 이름 대신 스스로 선택한 이름을 새겼다."
"set_weapon_190","노틸러스의 심해의 채찍","무기-채찍","고급","7","1","0","기절 확률 % +2","압력에 갇힌 번개의 기억이 금속 안에서 흔들린다."
"set_weapon_191","오즈의 녹색 도시의 채찍","무기-채찍","희귀","11","1","1","행운 % +2","녹색 유리 아래 숨은 진실을 한 조각씩 드러낸다."
"set_weapon_192","셜우드의 숲의 채찍","무기-채찍","영웅","12","1","2","치명타 % +5 / 20% 중독 피해 +4","숲의 사람에게 나눈 몫을 이 물건은 기억한다."
"set_weapon_193","노트르담의 종의 채찍","무기-채찍","전설","16","1","4","방어 +5 / 20% 중독 피해 +5","쫓겨난 사람이 돌아오는 날 종이 다시 울린다."
"set_weapon_194","몽테크리스토의 장부의 채찍","무기-채찍","신화","20","1","6","공격 +6 / 20% 중독 피해 +6","복수의 값과 자유의 값이 다른 칸에 적혀 있다."
"set_weapon_195","시간 기계의 잔광의 채찍","무기-채찍","일반","3","1","0","없음","미래에서 흘러온 작은 빛이 지금의 빈틈을 보여 준다."
"set_weapon_196","드라큘라의 새벽의 채찍","무기-채찍","고급","7","1","0","20% 중독 피해 +2","초대받지 않은 밤이 문턱에서 천천히 힘을 잃는다."
"set_weapon_197","천일야화의 등불의 채찍","무기-채찍","희귀","11","1","1","최대 MP +2","이야기가 이어지는 동안 아직 끝은 오지 않는다."
"set_weapon_198","성냥팔이의 불씨의 채찍","무기-채찍","영웅","12","1","2","20% 화상 피해 +4 / 20% 중독 피해 +4","사라진 소원의 온기를 살아 있는 사람에게 전한다."
"set_weapon_199","파우스트의 서명의 채찍","무기-채찍","전설","16","1","4","행운 % +3 / 20% 중독 피해 +5","계약의 끝에 남은 빈 줄은 아직 당신의 것이다."
"set_weapon_200","토끼굴의 투창","무기-투창","전설","17","1","4","회피 % +6 / 치명타 % +6","갑자기 달라진 크기에도 돌아갈 문을 기억한다."
"set_weapon_201","하트 법정의 투창","무기-투창","신화","18","1","6","치명타 % +7","재판의 결론보다 먼저 사람의 목소리를 묻는다."
"set_weapon_202","흰 토끼의 시계의 투창","무기-투창","일반","4","1","0","없음","늦었다는 종소리가 울릴 때도 한 번 더 집중한다."
"set_weapon_203","거울 나라의 투창","무기-투창","고급","8","1","0","방어 +2","반영 속 상처를 현실의 갑옷으로 바꾼다."
"set_weapon_204","피쿼드의 항해의 투창","무기-투창","희귀","9","1","1","공격 +3","항해를 멈춘 갑판에도 오래된 맹세가 남았다."
"set_weapon_205","백경의 상흔의 투창","무기-투창","영웅","13","1","2","흡혈 % +5 / 치명타 % +5","먼 바다의 상처가 살아남는 자에게 온기를 돌려준다."
"set_weapon_206","라만차의 꿈의 투창","무기-투창","전설","17","1","4","최대 HP +13 / 치명타 % +6","비웃음을 견딘 꿈은 누군가의 방패가 된다."
"set_weapon_207","산초의 귀환길의 투창","무기-투창","신화","18","1","6","반사 피해 +6 / 치명타 % +7","돌아갈 길의 돌멩이도 위험을 향하면 무기가 된다."
"set_weapon_208","봉합 실험실의 투창","무기-투창","일반","4","1","0","없음","이음새의 흉터는 실패가 아니라 생존의 기록이다."
"set_weapon_209","피조물의 이름의 투창","무기-투창","고급","8","1","0","흡혈 % +3","남에게 받은 이름 대신 스스로 선택한 이름을 새겼다."
"set_weapon_210","노틸러스의 심해의 투창","무기-투창","희귀","9","1","1","기절 확률 % +3","압력에 갇힌 번개의 기억이 금속 안에서 흔들린다."
"set_weapon_211","오즈의 녹색 도시의 투창","무기-투창","영웅","13","1","2","행운 % +2 / 치명타 % +5","녹색 유리 아래 숨은 진실을 한 조각씩 드러낸다."
"set_weapon_212","셜우드의 숲의 투창","무기-투창","전설","17","1","4","치명타 % +6","숲의 사람에게 나눈 몫을 이 물건은 기억한다."
"set_weapon_213","노트르담의 종의 투창","무기-투창","신화","18","1","6","방어 +6 / 치명타 % +7","쫓겨난 사람이 돌아오는 날 종이 다시 울린다."
"set_weapon_214","몽테크리스토의 장부의 투창","무기-투창","일반","4","1","0","없음","복수의 값과 자유의 값이 다른 칸에 적혀 있다."
"set_weapon_215","시간 기계의 잔광의 투창","무기-투창","고급","8","1","0","회피 % +3","미래에서 흘러온 작은 빛이 지금의 빈틈을 보여 준다."
"set_weapon_216","드라큘라의 새벽의 투창","무기-투창","희귀","9","1","1","20% 중독 피해 +3","초대받지 않은 밤이 문턱에서 천천히 힘을 잃는다."
"set_weapon_217","천일야화의 등불의 투창","무기-투창","영웅","13","1","2","최대 MP +2 / 치명타 % +5","이야기가 이어지는 동안 아직 끝은 오지 않는다."
"set_weapon_218","성냥팔이의 불씨의 투창","무기-투창","전설","17","1","4","20% 화상 피해 +5 / 치명타 % +6","사라진 소원의 온기를 살아 있는 사람에게 전한다."
"set_weapon_219","파우스트의 서명의 투창","무기-투창","신화","18","1","6","행운 % +3 / 치명타 % +7","계약의 끝에 남은 빈 줄은 아직 당신의 것이다."
"set_weapon_220","토끼굴의 권갑","무기-권갑","신화","19","1","6","회피 % +7 / 반사 피해 +6","갑자기 달라진 크기에도 돌아갈 문을 기억한다."
"set_weapon_221","하트 법정의 권갑","무기-권갑","일반","5","1","0","없음","재판의 결론보다 먼저 사람의 목소리를 묻는다."
"set_weapon_222","흰 토끼의 시계의 권갑","무기-권갑","고급","6","1","0","최대 MP +1","늦었다는 종소리가 울릴 때도 한 번 더 집중한다."
"set_weapon_223","거울 나라의 권갑","무기-권갑","희귀","10","1","1","방어 +3","반영 속 상처를 현실의 갑옷으로 바꾼다."
"set_weapon_224","피쿼드의 항해의 권갑","무기-권갑","영웅","14","1","2","공격 +4 / 반사 피해 +4","항해를 멈춘 갑판에도 오래된 맹세가 남았다."
"set_weapon_225","백경의 상흔의 권갑","무기-권갑","전설","15","1","4","흡혈 % +6 / 반사 피해 +5","먼 바다의 상처가 살아남는 자에게 온기를 돌려준다."
"set_weapon_226","라만차의 꿈의 권갑","무기-권갑","신화","19","1","6","최대 HP +15 / 반사 피해 +6","비웃음을 견딘 꿈은 누군가의 방패가 된다."
"set_weapon_227","산초의 귀환길의 권갑","무기-권갑","일반","5","1","0","없음","돌아갈 길의 돌멩이도 위험을 향하면 무기가 된다."
"set_weapon_228","봉합 실험실의 권갑","무기-권갑","고급","6","1","0","최대 HP +7","이음새의 흉터는 실패가 아니라 생존의 기록이다."
"set_weapon_229","피조물의 이름의 권갑","무기-권갑","희귀","10","1","1","흡혈 % +4","남에게 받은 이름 대신 스스로 선택한 이름을 새겼다."
"set_weapon_230","노틸러스의 심해의 권갑","무기-권갑","영웅","14","1","2","기절 확률 % +4 / 반사 피해 +4","압력에 갇힌 번개의 기억이 금속 안에서 흔들린다."
"set_weapon_231","오즈의 녹색 도시의 권갑","무기-권갑","전설","15","1","4","행운 % +3 / 반사 피해 +5","녹색 유리 아래 숨은 진실을 한 조각씩 드러낸다."
"set_weapon_232","셜우드의 숲의 권갑","무기-권갑","신화","19","1","6","치명타 % +7 / 반사 피해 +6","숲의 사람에게 나눈 몫을 이 물건은 기억한다."
"set_weapon_233","노트르담의 종의 권갑","무기-권갑","일반","5","1","0","없음","쫓겨난 사람이 돌아오는 날 종이 다시 울린다."
"set_weapon_234","몽테크리스토의 장부의 권갑","무기-권갑","고급","6","1","0","공격 +2","복수의 값과 자유의 값이 다른 칸에 적혀 있다."
"set_weapon_235","시간 기계의 잔광의 권갑","무기-권갑","희귀","10","1","1","회피 % +4","미래에서 흘러온 작은 빛이 지금의 빈틈을 보여 준다."
"set_weapon_236","드라큘라의 새벽의 권갑","무기-권갑","영웅","14","1","2","20% 중독 피해 +4 / 반사 피해 +4","초대받지 않은 밤이 문턱에서 천천히 힘을 잃는다."
"set_weapon_237","천일야화의 등불의 권갑","무기-권갑","전설","15","1","4","최대 MP +3 / 반사 피해 +5","이야기가 이어지는 동안 아직 끝은 오지 않는다."
"set_weapon_238","성냥팔이의 불씨의 권갑","무기-권갑","신화","19","1","6","20% 화상 피해 +6 / 반사 피해 +6","사라진 소원의 온기를 살아 있는 사람에게 전한다."
"set_weapon_239","파우스트의 서명의 권갑","무기-권갑","일반","5","1","0","없음","계약의 끝에 남은 빈 줄은 아직 당신의 것이다."
"set_weapon_240","토끼굴의 화승총","무기-화승총","일반","3","1","0","없음","갑자기 달라진 크기에도 돌아갈 문을 기억한다."
"set_weapon_241","하트 법정의 화승총","무기-화승총","고급","7","1","0","치명타 % +3","재판의 결론보다 먼저 사람의 목소리를 묻는다."
"set_weapon_242","흰 토끼의 시계의 화승총","무기-화승총","희귀","11","1","1","최대 MP +2","늦었다는 종소리가 울릴 때도 한 번 더 집중한다."
"set_weapon_243","거울 나라의 화승총","무기-화승총","영웅","12","1","2","방어 +4 / 치명타 % +5","반영 속 상처를 현실의 갑옷으로 바꾼다."
"set_weapon_244","피쿼드의 항해의 화승총","무기-화승총","전설","16","1","4","공격 +5 / 치명타 % +6","항해를 멈춘 갑판에도 오래된 맹세가 남았다."
"set_weapon_245","백경의 상흔의 화승총","무기-화승총","신화","20","1","6","흡혈 % +7 / 치명타 % +7","먼 바다의 상처가 살아남는 자에게 온기를 돌려준다."
"set_weapon_246","라만차의 꿈의 화승총","무기-화승총","일반","3","1","0","없음","비웃음을 견딘 꿈은 누군가의 방패가 된다."
"set_weapon_247","산초의 귀환길의 화승총","무기-화승총","고급","7","1","0","반사 피해 +2","돌아갈 길의 돌멩이도 위험을 향하면 무기가 된다."
"set_weapon_248","봉합 실험실의 화승총","무기-화승총","희귀","11","1","1","최대 HP +9","이음새의 흉터는 실패가 아니라 생존의 기록이다."
"set_weapon_249","피조물의 이름의 화승총","무기-화승총","영웅","12","1","2","흡혈 % +5 / 치명타 % +5","남에게 받은 이름 대신 스스로 선택한 이름을 새겼다."
"set_weapon_250","노틸러스의 심해의 화승총","무기-화승총","전설","16","1","4","기절 확률 % +5 / 치명타 % +6","압력에 갇힌 번개의 기억이 금속 안에서 흔들린다."
"set_weapon_251","오즈의 녹색 도시의 화승총","무기-화승총","신화","20","1","6","행운 % +3 / 치명타 % +7","녹색 유리 아래 숨은 진실을 한 조각씩 드러낸다."
"set_weapon_252","셜우드의 숲의 화승총","무기-화승총","일반","3","1","0","없음","숲의 사람에게 나눈 몫을 이 물건은 기억한다."
"set_weapon_253","노트르담의 종의 화승총","무기-화승총","고급","7","1","0","방어 +2","쫓겨난 사람이 돌아오는 날 종이 다시 울린다."
"set_weapon_254","몽테크리스토의 장부의 화승총","무기-화승총","희귀","11","1","1","공격 +3","복수의 값과 자유의 값이 다른 칸에 적혀 있다."
"set_weapon_255","시간 기계의 잔광의 화승총","무기-화승총","영웅","12","1","2","회피 % +5 / 치명타 % +5","미래에서 흘러온 작은 빛이 지금의 빈틈을 보여 준다."
"set_weapon_256","드라큘라의 새벽의 화승총","무기-화승총","전설","16","1","4","20% 중독 피해 +5 / 치명타 % +6","초대받지 않은 밤이 문턱에서 천천히 힘을 잃는다."
"set_weapon_257","천일야화의 등불의 화승총","무기-화승총","신화","20","1","6","최대 MP +3 / 치명타 % +7","이야기가 이어지는 동안 아직 끝은 오지 않는다."
"set_weapon_258","성냥팔이의 불씨의 화승총","무기-화승총","일반","3","1","0","없음","사라진 소원의 온기를 살아 있는 사람에게 전한다."
"set_weapon_259","파우스트의 서명의 화승총","무기-화승총","고급","7","1","0","행운 % +1","계약의 끝에 남은 빈 줄은 아직 당신의 것이다."
"set_weapon_260","토끼굴의 철퇴","무기-철퇴","고급","8","1","0","회피 % +3","갑자기 달라진 크기에도 돌아갈 문을 기억한다."
"set_weapon_261","하트 법정의 철퇴","무기-철퇴","희귀","9","1","1","치명타 % +4","재판의 결론보다 먼저 사람의 목소리를 묻는다."
"set_weapon_262","흰 토끼의 시계의 철퇴","무기-철퇴","영웅","13","1","2","최대 MP +2 / 방어 +4","늦었다는 종소리가 울릴 때도 한 번 더 집중한다."
"set_weapon_263","거울 나라의 철퇴","무기-철퇴","전설","17","1","4","방어 +5","반영 속 상처를 현실의 갑옷으로 바꾼다."
"set_weapon_264","피쿼드의 항해의 철퇴","무기-철퇴","신화","18","1","6","공격 +6 / 방어 +6","항해를 멈춘 갑판에도 오래된 맹세가 남았다."
"set_weapon_265","백경의 상흔의 철퇴","무기-철퇴","일반","4","1","0","없음","먼 바다의 상처가 살아남는 자에게 온기를 돌려준다."
"set_weapon_266","라만차의 꿈의 철퇴","무기-철퇴","고급","8","1","0","최대 HP +7","비웃음을 견딘 꿈은 누군가의 방패가 된다."
"set_weapon_267","산초의 귀환길의 철퇴","무기-철퇴","희귀","9","1","1","반사 피해 +3","돌아갈 길의 돌멩이도 위험을 향하면 무기가 된다."
"set_weapon_268","봉합 실험실의 철퇴","무기-철퇴","영웅","13","1","2","최대 HP +11 / 방어 +4","이음새의 흉터는 실패가 아니라 생존의 기록이다."
"set_weapon_269","피조물의 이름의 철퇴","무기-철퇴","전설","17","1","4","흡혈 % +6 / 방어 +5","남에게 받은 이름 대신 스스로 선택한 이름을 새겼다."
"set_weapon_270","노틸러스의 심해의 철퇴","무기-철퇴","신화","18","1","6","기절 확률 % +6 / 방어 +6","압력에 갇힌 번개의 기억이 금속 안에서 흔들린다."
"set_weapon_271","오즈의 녹색 도시의 철퇴","무기-철퇴","일반","4","1","0","없음","녹색 유리 아래 숨은 진실을 한 조각씩 드러낸다."
"set_weapon_272","셜우드의 숲의 철퇴","무기-철퇴","고급","8","1","0","치명타 % +3","숲의 사람에게 나눈 몫을 이 물건은 기억한다."
"set_weapon_273","노트르담의 종의 철퇴","무기-철퇴","희귀","9","1","1","방어 +3","쫓겨난 사람이 돌아오는 날 종이 다시 울린다."
"set_weapon_274","몽테크리스토의 장부의 철퇴","무기-철퇴","영웅","13","1","2","공격 +4 / 방어 +4","복수의 값과 자유의 값이 다른 칸에 적혀 있다."
"set_weapon_275","시간 기계의 잔광의 철퇴","무기-철퇴","전설","17","1","4","회피 % +6 / 방어 +5","미래에서 흘러온 작은 빛이 지금의 빈틈을 보여 준다."
"set_weapon_276","드라큘라의 새벽의 철퇴","무기-철퇴","신화","18","1","6","20% 중독 피해 +6 / 방어 +6","초대받지 않은 밤이 문턱에서 천천히 힘을 잃는다."
"set_weapon_277","천일야화의 등불의 철퇴","무기-철퇴","일반","4","1","0","없음","이야기가 이어지는 동안 아직 끝은 오지 않는다."
"set_weapon_278","성냥팔이의 불씨의 철퇴","무기-철퇴","고급","8","1","0","20% 화상 피해 +2","사라진 소원의 온기를 살아 있는 사람에게 전한다."
"set_weapon_279","파우스트의 서명의 철퇴","무기-철퇴","희귀","9","1","1","행운 % +2","계약의 끝에 남은 빈 줄은 아직 당신의 것이다."
"set_weapon_280","토끼굴의 지휘봉","무기-지휘봉","희귀","10","1","1","회피 % +4","갑자기 달라진 크기에도 돌아갈 문을 기억한다."
"set_weapon_281","하트 법정의 지휘봉","무기-지휘봉","영웅","14","1","2","치명타 % +5 / 최대 HP +11","재판의 결론보다 먼저 사람의 목소리를 묻는다."
"set_weapon_282","흰 토끼의 시계의 지휘봉","무기-지휘봉","전설","15","1","4","최대 MP +3 / 최대 HP +13","늦었다는 종소리가 울릴 때도 한 번 더 집중한다."
"set_weapon_283","거울 나라의 지휘봉","무기-지휘봉","신화","19","1","6","방어 +6 / 최대 HP +15","반영 속 상처를 현실의 갑옷으로 바꾼다."
"set_weapon_284","피쿼드의 항해의 지휘봉","무기-지휘봉","일반","5","1","0","없음","항해를 멈춘 갑판에도 오래된 맹세가 남았다."
"set_weapon_285","백경의 상흔의 지휘봉","무기-지휘봉","고급","6","1","0","흡혈 % +3","먼 바다의 상처가 살아남는 자에게 온기를 돌려준다."
"set_weapon_286","라만차의 꿈의 지휘봉","무기-지휘봉","희귀","10","1","1","최대 HP +9","비웃음을 견딘 꿈은 누군가의 방패가 된다."
"set_weapon_287","산초의 귀환길의 지휘봉","무기-지휘봉","영웅","14","1","2","반사 피해 +4 / 최대 HP +11","돌아갈 길의 돌멩이도 위험을 향하면 무기가 된다."
"set_weapon_288","봉합 실험실의 지휘봉","무기-지휘봉","전설","15","1","4","최대 HP +13","이음새의 흉터는 실패가 아니라 생존의 기록이다."
"set_weapon_289","피조물의 이름의 지휘봉","무기-지휘봉","신화","19","1","6","흡혈 % +7 / 최대 HP +15","남에게 받은 이름 대신 스스로 선택한 이름을 새겼다."
"set_weapon_290","노틸러스의 심해의 지휘봉","무기-지휘봉","일반","5","1","0","없음","압력에 갇힌 번개의 기억이 금속 안에서 흔들린다."
"set_weapon_291","오즈의 녹색 도시의 지휘봉","무기-지휘봉","고급","6","1","0","행운 % +1","녹색 유리 아래 숨은 진실을 한 조각씩 드러낸다."
"set_weapon_292","셜우드의 숲의 지휘봉","무기-지휘봉","희귀","10","1","1","치명타 % +4","숲의 사람에게 나눈 몫을 이 물건은 기억한다."
"set_weapon_293","노트르담의 종의 지휘봉","무기-지휘봉","영웅","14","1","2","방어 +4 / 최대 HP +11","쫓겨난 사람이 돌아오는 날 종이 다시 울린다."
"set_weapon_294","몽테크리스토의 장부의 지휘봉","무기-지휘봉","전설","15","1","4","공격 +5 / 최대 HP +13","복수의 값과 자유의 값이 다른 칸에 적혀 있다."
"set_weapon_295","시간 기계의 잔광의 지휘봉","무기-지휘봉","신화","19","1","6","회피 % +7 / 최대 HP +15","미래에서 흘러온 작은 빛이 지금의 빈틈을 보여 준다."
"set_weapon_296","드라큘라의 새벽의 지휘봉","무기-지휘봉","일반","5","1","0","없음","초대받지 않은 밤이 문턱에서 천천히 힘을 잃는다."
"set_weapon_297","천일야화의 등불의 지휘봉","무기-지휘봉","고급","6","1","0","최대 MP +1","이야기가 이어지는 동안 아직 끝은 오지 않는다."
"set_weapon_298","성냥팔이의 불씨의 지휘봉","무기-지휘봉","희귀","10","1","1","20% 화상 피해 +3","사라진 소원의 온기를 살아 있는 사람에게 전한다."
"set_weapon_299","파우스트의 서명의 지휘봉","무기-지휘봉","영웅","14","1","2","행운 % +2 / 최대 HP +11","계약의 끝에 남은 빈 줄은 아직 당신의 것이다."
"set_weapon_300","토끼굴의 차크람","무기-차크람","영웅","12","1","2","회피 % +5 / 20% 화상 피해 +4","갑자기 달라진 크기에도 돌아갈 문을 기억한다."
"set_weapon_301","하트 법정의 차크람","무기-차크람","전설","16","1","4","치명타 % +6 / 20% 화상 피해 +5","재판의 결론보다 먼저 사람의 목소리를 묻는다."
"set_weapon_302","흰 토끼의 시계의 차크람","무기-차크람","신화","20","1","6","최대 MP +3 / 20% 화상 피해 +6","늦었다는 종소리가 울릴 때도 한 번 더 집중한다."
"set_weapon_303","거울 나라의 차크람","무기-차크람","일반","3","1","0","없음","반영 속 상처를 현실의 갑옷으로 바꾼다."
"set_weapon_304","피쿼드의 항해의 차크람","무기-차크람","고급","7","1","0","공격 +2","항해를 멈춘 갑판에도 오래된 맹세가 남았다."
"set_weapon_305","백경의 상흔의 차크람","무기-차크람","희귀","11","1","1","흡혈 % +4","먼 바다의 상처가 살아남는 자에게 온기를 돌려준다."
"set_weapon_306","라만차의 꿈의 차크람","무기-차크람","영웅","12","1","2","최대 HP +11 / 20% 화상 피해 +4","비웃음을 견딘 꿈은 누군가의 방패가 된다."
"set_weapon_307","산초의 귀환길의 차크람","무기-차크람","전설","16","1","4","반사 피해 +5 / 20% 화상 피해 +5","돌아갈 길의 돌멩이도 위험을 향하면 무기가 된다."
"set_weapon_308","봉합 실험실의 차크람","무기-차크람","신화","20","1","6","최대 HP +15 / 20% 화상 피해 +6","이음새의 흉터는 실패가 아니라 생존의 기록이다."
"set_weapon_309","피조물의 이름의 차크람","무기-차크람","일반","3","1","0","없음","남에게 받은 이름 대신 스스로 선택한 이름을 새겼다."
"set_weapon_310","노틸러스의 심해의 차크람","무기-차크람","고급","7","1","0","기절 확률 % +2","압력에 갇힌 번개의 기억이 금속 안에서 흔들린다."
"set_weapon_311","오즈의 녹색 도시의 차크람","무기-차크람","희귀","11","1","1","행운 % +2","녹색 유리 아래 숨은 진실을 한 조각씩 드러낸다."
"set_weapon_312","셜우드의 숲의 차크람","무기-차크람","영웅","12","1","2","치명타 % +5 / 20% 화상 피해 +4","숲의 사람에게 나눈 몫을 이 물건은 기억한다."
"set_weapon_313","노트르담의 종의 차크람","무기-차크람","전설","16","1","4","방어 +5 / 20% 화상 피해 +5","쫓겨난 사람이 돌아오는 날 종이 다시 울린다."
"set_weapon_314","몽테크리스토의 장부의 차크람","무기-차크람","신화","20","1","6","공격 +6 / 20% 화상 피해 +6","복수의 값과 자유의 값이 다른 칸에 적혀 있다."
"set_weapon_315","시간 기계의 잔광의 차크람","무기-차크람","일반","3","1","0","없음","미래에서 흘러온 작은 빛이 지금의 빈틈을 보여 준다."
"set_weapon_316","드라큘라의 새벽의 차크람","무기-차크람","고급","7","1","0","20% 중독 피해 +2","초대받지 않은 밤이 문턱에서 천천히 힘을 잃는다."
"set_weapon_317","천일야화의 등불의 차크람","무기-차크람","희귀","11","1","1","최대 MP +2","이야기가 이어지는 동안 아직 끝은 오지 않는다."
"set_weapon_318","성냥팔이의 불씨의 차크람","무기-차크람","영웅","12","1","2","20% 화상 피해 +4","사라진 소원의 온기를 살아 있는 사람에게 전한다."
"set_weapon_319","파우스트의 서명의 차크람","무기-차크람","전설","16","1","4","행운 % +3 / 20% 화상 피해 +5","계약의 끝에 남은 빈 줄은 아직 당신의 것이다."
"set_weapon_320","토끼굴의 항해유산 해도","무기-마도서","전설","17","1","4","회피 % +6 / 공격 +5","갑자기 달라진 크기에도 돌아갈 문을 기억한다."
"set_weapon_321","하트 법정의 항해유산 신호창","무기-창","신화","18","1","6","치명타 % +7 / 공격 +6","재판의 결론보다 먼저 사람의 목소리를 묻는다."
"set_weapon_322","흰 토끼의 시계의 항해유산 선상종","무기-지휘봉","일반","4","1","0","없음","늦었다는 종소리가 울릴 때도 한 번 더 집중한다."
"set_weapon_323","거울 나라의 항해유산 돛대활","무기-활","고급","8","1","0","방어 +2","반영 속 상처를 현실의 갑옷으로 바꾼다."
"set_weapon_324","피쿼드의 항해의 항해유산 비상닻","무기-해머","희귀","9","1","1","공격 +3","항해를 멈춘 갑판에도 오래된 맹세가 남았다."
"set_weapon_325","백경의 상흔의 항해유산 귀환검","무기-검","영웅","13","1","2","흡혈 % +5 / 공격 +4","먼 바다의 상처가 살아남는 자에게 온기를 돌려준다."
"set_armor_0","토끼굴의 흉갑","방어구-흉갑","일반","1","0.5","0","없음","갑자기 달라진 크기에도 돌아갈 문을 기억한다."
"set_armor_1","하트 법정의 흉갑","방어구-흉갑","고급","3","0.5","0","치명타 % +3","재판의 결론보다 먼저 사람의 목소리를 묻는다."
"set_armor_2","흰 토끼의 시계의 흉갑","방어구-흉갑","희귀","3","0.5","1","최대 MP +2","늦었다는 종소리가 울릴 때도 한 번 더 집중한다."
"set_armor_3","거울 나라의 흉갑","방어구-흉갑","영웅","5","0.5","2","방어 +4","반영 속 상처를 현실의 갑옷으로 바꾼다."
"set_armor_4","피쿼드의 항해의 흉갑","방어구-흉갑","전설","5","0.5","4","공격 +5 / 방어 +5","항해를 멈춘 갑판에도 오래된 맹세가 남았다."
"set_armor_5","백경의 상흔의 흉갑","방어구-흉갑","신화","7","0.5","6","흡혈 % +7 / 방어 +6","먼 바다의 상처가 살아남는 자에게 온기를 돌려준다."
"set_armor_6","라만차의 꿈의 흉갑","방어구-흉갑","일반","1","0.5","0","없음","비웃음을 견딘 꿈은 누군가의 방패가 된다."
"set_armor_7","산초의 귀환길의 흉갑","방어구-흉갑","고급","3","0.5","0","반사 피해 +2","돌아갈 길의 돌멩이도 위험을 향하면 무기가 된다."
"set_armor_8","봉합 실험실의 흉갑","방어구-흉갑","희귀","3","0.5","1","최대 HP +9","이음새의 흉터는 실패가 아니라 생존의 기록이다."
"set_armor_9","피조물의 이름의 흉갑","방어구-흉갑","영웅","5","0.5","2","흡혈 % +5 / 방어 +4","남에게 받은 이름 대신 스스로 선택한 이름을 새겼다."
"set_armor_10","노틸러스의 심해의 흉갑","방어구-흉갑","전설","5","0.5","4","기절 확률 % +5 / 방어 +5","압력에 갇힌 번개의 기억이 금속 안에서 흔들린다."
"set_armor_11","오즈의 녹색 도시의 흉갑","방어구-흉갑","신화","7","0.5","6","행운 % +3 / 방어 +6","녹색 유리 아래 숨은 진실을 한 조각씩 드러낸다."
"set_armor_12","셜우드의 숲의 흉갑","방어구-흉갑","일반","1","0.5","0","없음","숲의 사람에게 나눈 몫을 이 물건은 기억한다."
"set_armor_13","노트르담의 종의 흉갑","방어구-흉갑","고급","3","0.5","0","방어 +2","쫓겨난 사람이 돌아오는 날 종이 다시 울린다."
"set_armor_14","몽테크리스토의 장부의 흉갑","방어구-흉갑","희귀","3","0.5","1","공격 +3","복수의 값과 자유의 값이 다른 칸에 적혀 있다."
"set_armor_15","시간 기계의 잔광의 흉갑","방어구-흉갑","영웅","5","0.5","2","회피 % +5 / 방어 +4","미래에서 흘러온 작은 빛이 지금의 빈틈을 보여 준다."
"set_armor_16","드라큘라의 새벽의 흉갑","방어구-흉갑","전설","5","0.5","4","20% 중독 피해 +5 / 방어 +5","초대받지 않은 밤이 문턱에서 천천히 힘을 잃는다."
"set_armor_17","천일야화의 등불의 흉갑","방어구-흉갑","신화","7","0.5","6","최대 MP +3 / 방어 +6","이야기가 이어지는 동안 아직 끝은 오지 않는다."
"set_armor_18","성냥팔이의 불씨의 흉갑","방어구-흉갑","일반","1","0.5","0","없음","사라진 소원의 온기를 살아 있는 사람에게 전한다."
"set_armor_19","파우스트의 서명의 흉갑","방어구-흉갑","고급","3","0.5","0","행운 % +1","계약의 끝에 남은 빈 줄은 아직 당신의 것이다."
"set_armor_20","토끼굴의 로브","방어구-로브","고급","2","0.5","0","회피 % +3","갑자기 달라진 크기에도 돌아갈 문을 기억한다."
"set_armor_21","하트 법정의 로브","방어구-로브","희귀","4","0.5","1","치명타 % +4","재판의 결론보다 먼저 사람의 목소리를 묻는다."
"set_armor_22","흰 토끼의 시계의 로브","방어구-로브","영웅","4","0.5","2","최대 MP +2","늦었다는 종소리가 울릴 때도 한 번 더 집중한다."
"set_armor_23","거울 나라의 로브","방어구-로브","전설","6","0.5","4","방어 +5 / 최대 MP +3","반영 속 상처를 현실의 갑옷으로 바꾼다."
"set_armor_24","피쿼드의 항해의 로브","방어구-로브","신화","6","0.5","6","공격 +6 / 최대 MP +3","항해를 멈춘 갑판에도 오래된 맹세가 남았다."
"set_armor_25","백경의 상흔의 로브","방어구-로브","일반","2","0.5","0","없음","먼 바다의 상처가 살아남는 자에게 온기를 돌려준다."
"set_armor_26","라만차의 꿈의 로브","방어구-로브","고급","2","0.5","0","최대 HP +7","비웃음을 견딘 꿈은 누군가의 방패가 된다."
"set_armor_27","산초의 귀환길의 로브","방어구-로브","희귀","4","0.5","1","반사 피해 +3","돌아갈 길의 돌멩이도 위험을 향하면 무기가 된다."
"set_armor_28","봉합 실험실의 로브","방어구-로브","영웅","4","0.5","2","최대 HP +11 / 최대 MP +2","이음새의 흉터는 실패가 아니라 생존의 기록이다."
"set_armor_29","피조물의 이름의 로브","방어구-로브","전설","6","0.5","4","흡혈 % +6 / 최대 MP +3","남에게 받은 이름 대신 스스로 선택한 이름을 새겼다."
"set_armor_30","노틸러스의 심해의 로브","방어구-로브","신화","6","0.5","6","기절 확률 % +6 / 최대 MP +3","압력에 갇힌 번개의 기억이 금속 안에서 흔들린다."
"set_armor_31","오즈의 녹색 도시의 로브","방어구-로브","일반","2","0.5","0","없음","녹색 유리 아래 숨은 진실을 한 조각씩 드러낸다."
"set_armor_32","셜우드의 숲의 로브","방어구-로브","고급","2","0.5","0","치명타 % +3","숲의 사람에게 나눈 몫을 이 물건은 기억한다."
"set_armor_33","노트르담의 종의 로브","방어구-로브","희귀","4","0.5","1","방어 +3","쫓겨난 사람이 돌아오는 날 종이 다시 울린다."
"set_armor_34","몽테크리스토의 장부의 로브","방어구-로브","영웅","4","0.5","2","공격 +4 / 최대 MP +2","복수의 값과 자유의 값이 다른 칸에 적혀 있다."
"set_armor_35","시간 기계의 잔광의 로브","방어구-로브","전설","6","0.5","4","회피 % +6 / 최대 MP +3","미래에서 흘러온 작은 빛이 지금의 빈틈을 보여 준다."
"set_armor_36","드라큘라의 새벽의 로브","방어구-로브","신화","6","0.5","6","20% 중독 피해 +6 / 최대 MP +3","초대받지 않은 밤이 문턱에서 천천히 힘을 잃는다."
"set_armor_37","천일야화의 등불의 로브","방어구-로브","일반","2","0.5","0","없음","이야기가 이어지는 동안 아직 끝은 오지 않는다."
"set_armor_38","성냥팔이의 불씨의 로브","방어구-로브","고급","2","0.5","0","20% 화상 피해 +2","사라진 소원의 온기를 살아 있는 사람에게 전한다."
"set_armor_39","파우스트의 서명의 로브","방어구-로브","희귀","4","0.5","1","행운 % +2","계약의 끝에 남은 빈 줄은 아직 당신의 것이다."
"set_armor_40","토끼굴의 외투","방어구-외투","희귀","3","0.5","1","회피 % +4","갑자기 달라진 크기에도 돌아갈 문을 기억한다."
"set_armor_41","하트 법정의 외투","방어구-외투","영웅","5","0.5","2","치명타 % +5 / 최대 HP +11","재판의 결론보다 먼저 사람의 목소리를 묻는다."
"set_armor_42","흰 토끼의 시계의 외투","방어구-외투","전설","5","0.5","4","최대 MP +3 / 최대 HP +13","늦었다는 종소리가 울릴 때도 한 번 더 집중한다."
"set_armor_43","거울 나라의 외투","방어구-외투","신화","7","0.5","6","방어 +6 / 최대 HP +15","반영 속 상처를 현실의 갑옷으로 바꾼다."
"set_armor_44","피쿼드의 항해의 외투","방어구-외투","일반","1","0.5","0","없음","항해를 멈춘 갑판에도 오래된 맹세가 남았다."
"set_armor_45","백경의 상흔의 외투","방어구-외투","고급","3","0.5","0","흡혈 % +3","먼 바다의 상처가 살아남는 자에게 온기를 돌려준다."
"set_armor_46","라만차의 꿈의 외투","방어구-외투","희귀","3","0.5","1","최대 HP +9","비웃음을 견딘 꿈은 누군가의 방패가 된다."
"set_armor_47","산초의 귀환길의 외투","방어구-외투","영웅","5","0.5","2","반사 피해 +4 / 최대 HP +11","돌아갈 길의 돌멩이도 위험을 향하면 무기가 된다."
"set_armor_48","봉합 실험실의 외투","방어구-외투","전설","5","0.5","4","최대 HP +13","이음새의 흉터는 실패가 아니라 생존의 기록이다."
"set_armor_49","피조물의 이름의 외투","방어구-외투","신화","7","0.5","6","흡혈 % +7 / 최대 HP +15","남에게 받은 이름 대신 스스로 선택한 이름을 새겼다."
"set_armor_50","노틸러스의 심해의 외투","방어구-외투","일반","1","0.5","0","없음","압력에 갇힌 번개의 기억이 금속 안에서 흔들린다."
"set_armor_51","오즈의 녹색 도시의 외투","방어구-외투","고급","3","0.5","0","행운 % +1","녹색 유리 아래 숨은 진실을 한 조각씩 드러낸다."
"set_armor_52","셜우드의 숲의 외투","방어구-외투","희귀","3","0.5","1","치명타 % +4","숲의 사람에게 나눈 몫을 이 물건은 기억한다."
"set_armor_53","노트르담의 종의 외투","방어구-외투","영웅","5","0.5","2","방어 +4 / 최대 HP +11","쫓겨난 사람이 돌아오는 날 종이 다시 울린다."
"set_armor_54","몽테크리스토의 장부의 외투","방어구-외투","전설","5","0.5","4","공격 +5 / 최대 HP +13","복수의 값과 자유의 값이 다른 칸에 적혀 있다."
"set_armor_55","시간 기계의 잔광의 외투","방어구-외투","신화","7","0.5","6","회피 % +7 / 최대 HP +15","미래에서 흘러온 작은 빛이 지금의 빈틈을 보여 준다."
"set_armor_56","드라큘라의 새벽의 외투","방어구-외투","일반","1","0.5","0","없음","초대받지 않은 밤이 문턱에서 천천히 힘을 잃는다."
"set_armor_57","천일야화의 등불의 외투","방어구-외투","고급","3","0.5","0","최대 MP +1","이야기가 이어지는 동안 아직 끝은 오지 않는다."
"set_armor_58","성냥팔이의 불씨의 외투","방어구-외투","희귀","3","0.5","1","20% 화상 피해 +3","사라진 소원의 온기를 살아 있는 사람에게 전한다."
"set_armor_59","파우스트의 서명의 외투","방어구-외투","영웅","5","0.5","2","행운 % +2 / 최대 HP +11","계약의 끝에 남은 빈 줄은 아직 당신의 것이다."
"set_armor_60","토끼굴의 사슬옷","방어구-사슬옷","영웅","4","0.5","2","회피 % +5 / 방어 +4","갑자기 달라진 크기에도 돌아갈 문을 기억한다."
"set_armor_61","하트 법정의 사슬옷","방어구-사슬옷","전설","6","0.5","4","치명타 % +6 / 방어 +5","재판의 결론보다 먼저 사람의 목소리를 묻는다."
"set_armor_62","흰 토끼의 시계의 사슬옷","방어구-사슬옷","신화","6","0.5","6","최대 MP +3 / 방어 +6","늦었다는 종소리가 울릴 때도 한 번 더 집중한다."
"set_armor_63","거울 나라의 사슬옷","방어구-사슬옷","일반","2","0.5","0","없음","반영 속 상처를 현실의 갑옷으로 바꾼다."
"set_armor_64","피쿼드의 항해의 사슬옷","방어구-사슬옷","고급","2","0.5","0","공격 +2","항해를 멈춘 갑판에도 오래된 맹세가 남았다."
"set_armor_65","백경의 상흔의 사슬옷","방어구-사슬옷","희귀","4","0.5","1","흡혈 % +4","먼 바다의 상처가 살아남는 자에게 온기를 돌려준다."
"set_armor_66","라만차의 꿈의 사슬옷","방어구-사슬옷","영웅","4","0.5","2","최대 HP +11 / 방어 +4","비웃음을 견딘 꿈은 누군가의 방패가 된다."
"set_armor_67","산초의 귀환길의 사슬옷","방어구-사슬옷","전설","6","0.5","4","반사 피해 +5 / 방어 +5","돌아갈 길의 돌멩이도 위험을 향하면 무기가 된다."
"set_armor_68","봉합 실험실의 사슬옷","방어구-사슬옷","신화","6","0.5","6","최대 HP +15 / 방어 +6","이음새의 흉터는 실패가 아니라 생존의 기록이다."
"set_armor_69","피조물의 이름의 사슬옷","방어구-사슬옷","일반","2","0.5","0","없음","남에게 받은 이름 대신 스스로 선택한 이름을 새겼다."
"set_armor_70","노틸러스의 심해의 사슬옷","방어구-사슬옷","고급","2","0.5","0","기절 확률 % +2","압력에 갇힌 번개의 기억이 금속 안에서 흔들린다."
"set_armor_71","오즈의 녹색 도시의 사슬옷","방어구-사슬옷","희귀","4","0.5","1","행운 % +2","녹색 유리 아래 숨은 진실을 한 조각씩 드러낸다."
"set_armor_72","셜우드의 숲의 사슬옷","방어구-사슬옷","영웅","4","0.5","2","치명타 % +5 / 방어 +4","숲의 사람에게 나눈 몫을 이 물건은 기억한다."
"set_armor_73","노트르담의 종의 사슬옷","방어구-사슬옷","전설","6","0.5","4","방어 +5","쫓겨난 사람이 돌아오는 날 종이 다시 울린다."
"set_armor_74","몽테크리스토의 장부의 사슬옷","방어구-사슬옷","신화","6","0.5","6","공격 +6 / 방어 +6","복수의 값과 자유의 값이 다른 칸에 적혀 있다."
"set_armor_75","시간 기계의 잔광의 사슬옷","방어구-사슬옷","일반","2","0.5","0","없음","미래에서 흘러온 작은 빛이 지금의 빈틈을 보여 준다."
"set_armor_76","드라큘라의 새벽의 사슬옷","방어구-사슬옷","고급","2","0.5","0","20% 중독 피해 +2","초대받지 않은 밤이 문턱에서 천천히 힘을 잃는다."
"set_armor_77","천일야화의 등불의 사슬옷","방어구-사슬옷","희귀","4","0.5","1","최대 MP +2","이야기가 이어지는 동안 아직 끝은 오지 않는다."
"set_armor_78","성냥팔이의 불씨의 사슬옷","방어구-사슬옷","영웅","4","0.5","2","20% 화상 피해 +4 / 방어 +4","사라진 소원의 온기를 살아 있는 사람에게 전한다."
"set_armor_79","파우스트의 서명의 사슬옷","방어구-사슬옷","전설","6","0.5","4","행운 % +3 / 방어 +5","계약의 끝에 남은 빈 줄은 아직 당신의 것이다."
"set_armor_80","토끼굴의 망토","방어구-망토","전설","5","0.5","4","회피 % +6","갑자기 달라진 크기에도 돌아갈 문을 기억한다."
"set_armor_81","하트 법정의 망토","방어구-망토","신화","7","0.5","6","치명타 % +7 / 회피 % +7","재판의 결론보다 먼저 사람의 목소리를 묻는다."
"set_armor_82","흰 토끼의 시계의 망토","방어구-망토","일반","1","0.5","0","없음","늦었다는 종소리가 울릴 때도 한 번 더 집중한다."
"set_armor_83","거울 나라의 망토","방어구-망토","고급","3","0.5","0","방어 +2","반영 속 상처를 현실의 갑옷으로 바꾼다."
"set_armor_84","피쿼드의 항해의 망토","방어구-망토","희귀","3","0.5","1","공격 +3","항해를 멈춘 갑판에도 오래된 맹세가 남았다."
"set_armor_85","백경의 상흔의 망토","방어구-망토","영웅","5","0.5","2","흡혈 % +5 / 회피 % +5","먼 바다의 상처가 살아남는 자에게 온기를 돌려준다."
"set_armor_86","라만차의 꿈의 망토","방어구-망토","전설","5","0.5","4","최대 HP +13 / 회피 % +6","비웃음을 견딘 꿈은 누군가의 방패가 된다."
"set_armor_87","산초의 귀환길의 망토","방어구-망토","신화","7","0.5","6","반사 피해 +6 / 회피 % +7","돌아갈 길의 돌멩이도 위험을 향하면 무기가 된다."
"set_armor_88","봉합 실험실의 망토","방어구-망토","일반","1","0.5","0","없음","이음새의 흉터는 실패가 아니라 생존의 기록이다."
"set_armor_89","피조물의 이름의 망토","방어구-망토","고급","3","0.5","0","흡혈 % +3","남에게 받은 이름 대신 스스로 선택한 이름을 새겼다."
"set_armor_90","노틸러스의 심해의 망토","방어구-망토","희귀","3","0.5","1","기절 확률 % +3","압력에 갇힌 번개의 기억이 금속 안에서 흔들린다."
"set_armor_91","오즈의 녹색 도시의 망토","방어구-망토","영웅","5","0.5","2","행운 % +2 / 회피 % +5","녹색 유리 아래 숨은 진실을 한 조각씩 드러낸다."
"set_armor_92","셜우드의 숲의 망토","방어구-망토","전설","5","0.5","4","치명타 % +6 / 회피 % +6","숲의 사람에게 나눈 몫을 이 물건은 기억한다."
"set_armor_93","노트르담의 종의 망토","방어구-망토","신화","7","0.5","6","방어 +6 / 회피 % +7","쫓겨난 사람이 돌아오는 날 종이 다시 울린다."
"set_armor_94","몽테크리스토의 장부의 망토","방어구-망토","일반","1","0.5","0","없음","복수의 값과 자유의 값이 다른 칸에 적혀 있다."
"set_armor_95","시간 기계의 잔광의 망토","방어구-망토","고급","3","0.5","0","회피 % +3","미래에서 흘러온 작은 빛이 지금의 빈틈을 보여 준다."
"set_armor_96","드라큘라의 새벽의 망토","방어구-망토","희귀","3","0.5","1","20% 중독 피해 +3","초대받지 않은 밤이 문턱에서 천천히 힘을 잃는다."
"set_armor_97","천일야화의 등불의 망토","방어구-망토","영웅","5","0.5","2","최대 MP +2 / 회피 % +5","이야기가 이어지는 동안 아직 끝은 오지 않는다."
"set_armor_98","성냥팔이의 불씨의 망토","방어구-망토","전설","5","0.5","4","20% 화상 피해 +5 / 회피 % +6","사라진 소원의 온기를 살아 있는 사람에게 전한다."
"set_armor_99","파우스트의 서명의 망토","방어구-망토","신화","7","0.5","6","행운 % +3 / 회피 % +7","계약의 끝에 남은 빈 줄은 아직 당신의 것이다."
"set_armor_100","토끼굴의 판금","방어구-판금","신화","6","0.5","6","회피 % +7 / 반사 피해 +6","갑자기 달라진 크기에도 돌아갈 문을 기억한다."
"set_armor_101","하트 법정의 판금","방어구-판금","일반","2","0.5","0","없음","재판의 결론보다 먼저 사람의 목소리를 묻는다."
"set_armor_102","흰 토끼의 시계의 판금","방어구-판금","고급","2","0.5","0","최대 MP +1","늦었다는 종소리가 울릴 때도 한 번 더 집중한다."
"set_armor_103","거울 나라의 판금","방어구-판금","희귀","4","0.5","1","방어 +3","반영 속 상처를 현실의 갑옷으로 바꾼다."
"set_armor_104","피쿼드의 항해의 판금","방어구-판금","영웅","4","0.5","2","공격 +4 / 반사 피해 +4","항해를 멈춘 갑판에도 오래된 맹세가 남았다."
"set_armor_105","백경의 상흔의 판금","방어구-판금","전설","6","0.5","4","흡혈 % +6 / 반사 피해 +5","먼 바다의 상처가 살아남는 자에게 온기를 돌려준다."
"set_armor_106","라만차의 꿈의 판금","방어구-판금","신화","6","0.5","6","최대 HP +15 / 반사 피해 +6","비웃음을 견딘 꿈은 누군가의 방패가 된다."
"set_armor_107","산초의 귀환길의 판금","방어구-판금","일반","2","0.5","0","없음","돌아갈 길의 돌멩이도 위험을 향하면 무기가 된다."
"set_armor_108","봉합 실험실의 판금","방어구-판금","고급","2","0.5","0","최대 HP +7","이음새의 흉터는 실패가 아니라 생존의 기록이다."
"set_armor_109","피조물의 이름의 판금","방어구-판금","희귀","4","0.5","1","흡혈 % +4","남에게 받은 이름 대신 스스로 선택한 이름을 새겼다."
"set_armor_110","노틸러스의 심해의 판금","방어구-판금","영웅","4","0.5","2","기절 확률 % +4 / 반사 피해 +4","압력에 갇힌 번개의 기억이 금속 안에서 흔들린다."
"set_armor_111","오즈의 녹색 도시의 판금","방어구-판금","전설","6","0.5","4","행운 % +3 / 반사 피해 +5","녹색 유리 아래 숨은 진실을 한 조각씩 드러낸다."
"set_armor_112","셜우드의 숲의 판금","방어구-판금","신화","6","0.5","6","치명타 % +7 / 반사 피해 +6","숲의 사람에게 나눈 몫을 이 물건은 기억한다."
"set_armor_113","노트르담의 종의 판금","방어구-판금","일반","2","0.5","0","없음","쫓겨난 사람이 돌아오는 날 종이 다시 울린다."
"set_armor_114","몽테크리스토의 장부의 판금","방어구-판금","고급","2","0.5","0","공격 +2","복수의 값과 자유의 값이 다른 칸에 적혀 있다."
"set_armor_115","시간 기계의 잔광의 판금","방어구-판금","희귀","4","0.5","1","회피 % +4","미래에서 흘러온 작은 빛이 지금의 빈틈을 보여 준다."
"set_armor_116","드라큘라의 새벽의 판금","방어구-판금","영웅","4","0.5","2","20% 중독 피해 +4 / 반사 피해 +4","초대받지 않은 밤이 문턱에서 천천히 힘을 잃는다."
"set_armor_117","천일야화의 등불의 판금","방어구-판금","전설","6","0.5","4","최대 MP +3 / 반사 피해 +5","이야기가 이어지는 동안 아직 끝은 오지 않는다."
"set_armor_118","성냥팔이의 불씨의 판금","방어구-판금","신화","6","0.5","6","20% 화상 피해 +6 / 반사 피해 +6","사라진 소원의 온기를 살아 있는 사람에게 전한다."
"set_armor_119","파우스트의 서명의 판금","방어구-판금","일반","2","0.5","0","없음","계약의 끝에 남은 빈 줄은 아직 당신의 것이다."
"set_armor_120","토끼굴의 전투복","방어구-전투복","일반","1","0.5","0","없음","갑자기 달라진 크기에도 돌아갈 문을 기억한다."
"set_armor_121","하트 법정의 전투복","방어구-전투복","고급","3","0.5","0","치명타 % +3","재판의 결론보다 먼저 사람의 목소리를 묻는다."
"set_armor_122","흰 토끼의 시계의 전투복","방어구-전투복","희귀","3","0.5","1","최대 MP +2","늦었다는 종소리가 울릴 때도 한 번 더 집중한다."
"set_armor_123","거울 나라의 전투복","방어구-전투복","영웅","5","0.5","2","방어 +4 / 치명타 % +5","반영 속 상처를 현실의 갑옷으로 바꾼다."
"set_armor_124","피쿼드의 항해의 전투복","방어구-전투복","전설","5","0.5","4","공격 +5 / 치명타 % +6","항해를 멈춘 갑판에도 오래된 맹세가 남았다."
"set_armor_125","백경의 상흔의 전투복","방어구-전투복","신화","7","0.5","6","흡혈 % +7 / 치명타 % +7","먼 바다의 상처가 살아남는 자에게 온기를 돌려준다."
"set_armor_126","라만차의 꿈의 전투복","방어구-전투복","일반","1","0.5","0","없음","비웃음을 견딘 꿈은 누군가의 방패가 된다."
"set_armor_127","산초의 귀환길의 전투복","방어구-전투복","고급","3","0.5","0","반사 피해 +2","돌아갈 길의 돌멩이도 위험을 향하면 무기가 된다."
"set_armor_128","봉합 실험실의 전투복","방어구-전투복","희귀","3","0.5","1","최대 HP +9","이음새의 흉터는 실패가 아니라 생존의 기록이다."
"set_armor_129","피조물의 이름의 전투복","방어구-전투복","영웅","5","0.5","2","흡혈 % +5 / 치명타 % +5","남에게 받은 이름 대신 스스로 선택한 이름을 새겼다."
"set_armor_130","노틸러스의 심해의 전투복","방어구-전투복","전설","5","0.5","4","기절 확률 % +5 / 치명타 % +6","압력에 갇힌 번개의 기억이 금속 안에서 흔들린다."
"set_armor_131","오즈의 녹색 도시의 전투복","방어구-전투복","신화","7","0.5","6","행운 % +3 / 치명타 % +7","녹색 유리 아래 숨은 진실을 한 조각씩 드러낸다."
"set_armor_132","셜우드의 숲의 전투복","방어구-전투복","일반","1","0.5","0","없음","숲의 사람에게 나눈 몫을 이 물건은 기억한다."
"set_armor_133","노트르담의 종의 전투복","방어구-전투복","고급","3","0.5","0","방어 +2","쫓겨난 사람이 돌아오는 날 종이 다시 울린다."
"set_armor_134","몽테크리스토의 장부의 전투복","방어구-전투복","희귀","3","0.5","1","공격 +3","복수의 값과 자유의 값이 다른 칸에 적혀 있다."
"set_armor_135","시간 기계의 잔광의 전투복","방어구-전투복","영웅","5","0.5","2","회피 % +5 / 치명타 % +5","미래에서 흘러온 작은 빛이 지금의 빈틈을 보여 준다."
"set_armor_136","드라큘라의 새벽의 전투복","방어구-전투복","전설","5","0.5","4","20% 중독 피해 +5 / 치명타 % +6","초대받지 않은 밤이 문턱에서 천천히 힘을 잃는다."
"set_armor_137","천일야화의 등불의 전투복","방어구-전투복","신화","7","0.5","6","최대 MP +3 / 치명타 % +7","이야기가 이어지는 동안 아직 끝은 오지 않는다."
"set_armor_138","성냥팔이의 불씨의 전투복","방어구-전투복","일반","1","0.5","0","없음","사라진 소원의 온기를 살아 있는 사람에게 전한다."
"set_armor_139","파우스트의 서명의 전투복","방어구-전투복","고급","3","0.5","0","행운 % +1","계약의 끝에 남은 빈 줄은 아직 당신의 것이다."
"set_armor_140","토끼굴의 잠수복","방어구-잠수복","고급","2","0.5","0","회피 % +3","갑자기 달라진 크기에도 돌아갈 문을 기억한다."
"set_armor_141","하트 법정의 잠수복","방어구-잠수복","희귀","4","0.5","1","치명타 % +4","재판의 결론보다 먼저 사람의 목소리를 묻는다."
"set_armor_142","흰 토끼의 시계의 잠수복","방어구-잠수복","영웅","4","0.5","2","최대 MP +2 / 최대 HP +11","늦었다는 종소리가 울릴 때도 한 번 더 집중한다."
"set_armor_143","거울 나라의 잠수복","방어구-잠수복","전설","6","0.5","4","방어 +5 / 최대 HP +13","반영 속 상처를 현실의 갑옷으로 바꾼다."
"set_armor_144","피쿼드의 항해의 잠수복","방어구-잠수복","신화","6","0.5","6","공격 +6 / 최대 HP +15","항해를 멈춘 갑판에도 오래된 맹세가 남았다."
"set_armor_145","백경의 상흔의 잠수복","방어구-잠수복","일반","2","0.5","0","없음","먼 바다의 상처가 살아남는 자에게 온기를 돌려준다."
"set_armor_146","라만차의 꿈의 잠수복","방어구-잠수복","고급","2","0.5","0","최대 HP +7","비웃음을 견딘 꿈은 누군가의 방패가 된다."
"set_armor_147","산초의 귀환길의 잠수복","방어구-잠수복","희귀","4","0.5","1","반사 피해 +3","돌아갈 길의 돌멩이도 위험을 향하면 무기가 된다."
"set_armor_148","봉합 실험실의 잠수복","방어구-잠수복","영웅","4","0.5","2","최대 HP +11","이음새의 흉터는 실패가 아니라 생존의 기록이다."
"set_armor_149","피조물의 이름의 잠수복","방어구-잠수복","전설","6","0.5","4","흡혈 % +6 / 최대 HP +13","남에게 받은 이름 대신 스스로 선택한 이름을 새겼다."
"set_armor_150","노틸러스의 심해의 잠수복","방어구-잠수복","신화","6","0.5","6","기절 확률 % +6 / 최대 HP +15","압력에 갇힌 번개의 기억이 금속 안에서 흔들린다."
"set_armor_151","오즈의 녹색 도시의 잠수복","방어구-잠수복","일반","2","0.5","0","없음","녹색 유리 아래 숨은 진실을 한 조각씩 드러낸다."
"set_armor_152","셜우드의 숲의 잠수복","방어구-잠수복","고급","2","0.5","0","치명타 % +3","숲의 사람에게 나눈 몫을 이 물건은 기억한다."
"set_armor_153","노트르담의 종의 잠수복","방어구-잠수복","희귀","4","0.5","1","방어 +3","쫓겨난 사람이 돌아오는 날 종이 다시 울린다."
"set_armor_154","몽테크리스토의 장부의 잠수복","방어구-잠수복","영웅","4","0.5","2","공격 +4 / 최대 HP +11","복수의 값과 자유의 값이 다른 칸에 적혀 있다."
"set_armor_155","시간 기계의 잔광의 잠수복","방어구-잠수복","전설","6","0.5","4","회피 % +6 / 최대 HP +13","미래에서 흘러온 작은 빛이 지금의 빈틈을 보여 준다."
"set_armor_156","드라큘라의 새벽의 잠수복","방어구-잠수복","신화","6","0.5","6","20% 중독 피해 +6 / 최대 HP +15","초대받지 않은 밤이 문턱에서 천천히 힘을 잃는다."
"set_armor_157","천일야화의 등불의 잠수복","방어구-잠수복","일반","2","0.5","0","없음","이야기가 이어지는 동안 아직 끝은 오지 않는다."
"set_armor_158","성냥팔이의 불씨의 잠수복","방어구-잠수복","고급","2","0.5","0","20% 화상 피해 +2","사라진 소원의 온기를 살아 있는 사람에게 전한다."
"set_armor_159","파우스트의 서명의 잠수복","방어구-잠수복","희귀","4","0.5","1","행운 % +2","계약의 끝에 남은 빈 줄은 아직 당신의 것이다."
"set_armor_160","토끼굴의 수도복","방어구-수도복","희귀","3","0.5","1","회피 % +4","갑자기 달라진 크기에도 돌아갈 문을 기억한다."
"set_armor_161","하트 법정의 수도복","방어구-수도복","영웅","5","0.5","2","치명타 % +5 / 최대 MP +2","재판의 결론보다 먼저 사람의 목소리를 묻는다."
"set_armor_162","흰 토끼의 시계의 수도복","방어구-수도복","전설","5","0.5","4","최대 MP +3","늦었다는 종소리가 울릴 때도 한 번 더 집중한다."
"set_armor_163","거울 나라의 수도복","방어구-수도복","신화","7","0.5","6","방어 +6 / 최대 MP +3","반영 속 상처를 현실의 갑옷으로 바꾼다."
"set_armor_164","피쿼드의 항해의 수도복","방어구-수도복","일반","1","0.5","0","없음","항해를 멈춘 갑판에도 오래된 맹세가 남았다."
"set_armor_165","백경의 상흔의 수도복","방어구-수도복","고급","3","0.5","0","흡혈 % +3","먼 바다의 상처가 살아남는 자에게 온기를 돌려준다."
"set_armor_166","라만차의 꿈의 수도복","방어구-수도복","희귀","3","0.5","1","최대 HP +9","비웃음을 견딘 꿈은 누군가의 방패가 된다."
"set_armor_167","산초의 귀환길의 수도복","방어구-수도복","영웅","5","0.5","2","반사 피해 +4 / 최대 MP +2","돌아갈 길의 돌멩이도 위험을 향하면 무기가 된다."
"set_armor_168","봉합 실험실의 수도복","방어구-수도복","전설","5","0.5","4","최대 HP +13 / 최대 MP +3","이음새의 흉터는 실패가 아니라 생존의 기록이다."
"set_armor_169","피조물의 이름의 수도복","방어구-수도복","신화","7","0.5","6","흡혈 % +7 / 최대 MP +3","남에게 받은 이름 대신 스스로 선택한 이름을 새겼다."
"set_armor_170","노틸러스의 심해의 수도복","방어구-수도복","일반","1","0.5","0","없음","압력에 갇힌 번개의 기억이 금속 안에서 흔들린다."
"set_armor_171","오즈의 녹색 도시의 수도복","방어구-수도복","고급","3","0.5","0","행운 % +1","녹색 유리 아래 숨은 진실을 한 조각씩 드러낸다."
"set_armor_172","셜우드의 숲의 수도복","방어구-수도복","희귀","3","0.5","1","치명타 % +4","숲의 사람에게 나눈 몫을 이 물건은 기억한다."
"set_armor_173","노트르담의 종의 수도복","방어구-수도복","영웅","5","0.5","2","방어 +4 / 최대 MP +2","쫓겨난 사람이 돌아오는 날 종이 다시 울린다."
"set_armor_174","몽테크리스토의 장부의 수도복","방어구-수도복","전설","5","0.5","4","공격 +5 / 최대 MP +3","복수의 값과 자유의 값이 다른 칸에 적혀 있다."
"set_armor_175","시간 기계의 잔광의 수도복","방어구-수도복","신화","7","0.5","6","회피 % +7 / 최대 MP +3","미래에서 흘러온 작은 빛이 지금의 빈틈을 보여 준다."
"set_armor_176","드라큘라의 새벽의 수도복","방어구-수도복","일반","1","0.5","0","없음","초대받지 않은 밤이 문턱에서 천천히 힘을 잃는다."
"set_armor_177","천일야화의 등불의 수도복","방어구-수도복","고급","3","0.5","0","최대 MP +1","이야기가 이어지는 동안 아직 끝은 오지 않는다."
"set_armor_178","성냥팔이의 불씨의 수도복","방어구-수도복","희귀","3","0.5","1","20% 화상 피해 +3","사라진 소원의 온기를 살아 있는 사람에게 전한다."
"set_armor_179","파우스트의 서명의 수도복","방어구-수도복","영웅","5","0.5","2","행운 % +2 / 최대 MP +2","계약의 끝에 남은 빈 줄은 아직 당신의 것이다."
"set_armor_180","토끼굴의 사냥복","방어구-사냥복","영웅","4","0.5","2","회피 % +5","갑자기 달라진 크기에도 돌아갈 문을 기억한다."
"set_armor_181","하트 법정의 사냥복","방어구-사냥복","전설","6","0.5","4","치명타 % +6 / 회피 % +6","재판의 결론보다 먼저 사람의 목소리를 묻는다."
"set_armor_182","흰 토끼의 시계의 사냥복","방어구-사냥복","신화","6","0.5","6","최대 MP +3 / 회피 % +7","늦었다는 종소리가 울릴 때도 한 번 더 집중한다."
"set_armor_183","거울 나라의 사냥복","방어구-사냥복","일반","2","0.5","0","없음","반영 속 상처를 현실의 갑옷으로 바꾼다."
"set_armor_184","피쿼드의 항해의 사냥복","방어구-사냥복","고급","2","0.5","0","공격 +2","항해를 멈춘 갑판에도 오래된 맹세가 남았다."
"set_armor_185","백경의 상흔의 사냥복","방어구-사냥복","희귀","4","0.5","1","흡혈 % +4","먼 바다의 상처가 살아남는 자에게 온기를 돌려준다."
"set_armor_186","라만차의 꿈의 사냥복","방어구-사냥복","영웅","4","0.5","2","최대 HP +11 / 회피 % +5","비웃음을 견딘 꿈은 누군가의 방패가 된다."
"set_armor_187","산초의 귀환길의 사냥복","방어구-사냥복","전설","6","0.5","4","반사 피해 +5 / 회피 % +6","돌아갈 길의 돌멩이도 위험을 향하면 무기가 된다."
"set_armor_188","봉합 실험실의 사냥복","방어구-사냥복","신화","6","0.5","6","최대 HP +15 / 회피 % +7","이음새의 흉터는 실패가 아니라 생존의 기록이다."
"set_armor_189","피조물의 이름의 사냥복","방어구-사냥복","일반","2","0.5","0","없음","남에게 받은 이름 대신 스스로 선택한 이름을 새겼다."
"set_armor_190","노틸러스의 심해의 사냥복","방어구-사냥복","고급","2","0.5","0","기절 확률 % +2","압력에 갇힌 번개의 기억이 금속 안에서 흔들린다."
"set_armor_191","오즈의 녹색 도시의 사냥복","방어구-사냥복","희귀","4","0.5","1","행운 % +2","녹색 유리 아래 숨은 진실을 한 조각씩 드러낸다."
"set_armor_192","셜우드의 숲의 사냥복","방어구-사냥복","영웅","4","0.5","2","치명타 % +5 / 회피 % +5","숲의 사람에게 나눈 몫을 이 물건은 기억한다."
"set_armor_193","노트르담의 종의 사냥복","방어구-사냥복","전설","6","0.5","4","방어 +5 / 회피 % +6","쫓겨난 사람이 돌아오는 날 종이 다시 울린다."
"set_armor_194","몽테크리스토의 장부의 사냥복","방어구-사냥복","신화","6","0.5","6","공격 +6 / 회피 % +7","복수의 값과 자유의 값이 다른 칸에 적혀 있다."
"set_armor_195","시간 기계의 잔광의 사냥복","방어구-사냥복","일반","2","0.5","0","없음","미래에서 흘러온 작은 빛이 지금의 빈틈을 보여 준다."
"set_armor_196","드라큘라의 새벽의 사냥복","방어구-사냥복","고급","2","0.5","0","20% 중독 피해 +2","초대받지 않은 밤이 문턱에서 천천히 힘을 잃는다."
"set_armor_197","천일야화의 등불의 사냥복","방어구-사냥복","희귀","4","0.5","1","최대 MP +2","이야기가 이어지는 동안 아직 끝은 오지 않는다."
"set_armor_198","성냥팔이의 불씨의 사냥복","방어구-사냥복","영웅","4","0.5","2","20% 화상 피해 +4 / 회피 % +5","사라진 소원의 온기를 살아 있는 사람에게 전한다."
"set_armor_199","파우스트의 서명의 사냥복","방어구-사냥복","전설","6","0.5","4","행운 % +3 / 회피 % +6","계약의 끝에 남은 빈 줄은 아직 당신의 것이다."
"set_armor_200","토끼굴의 방열복","방어구-방열복","전설","5","0.5","4","회피 % +6 / 20% 화상 피해 +5","갑자기 달라진 크기에도 돌아갈 문을 기억한다."
"set_armor_201","하트 법정의 방열복","방어구-방열복","신화","7","0.5","6","치명타 % +7 / 20% 화상 피해 +6","재판의 결론보다 먼저 사람의 목소리를 묻는다."
"set_armor_202","흰 토끼의 시계의 방열복","방어구-방열복","일반","1","0.5","0","없음","늦었다는 종소리가 울릴 때도 한 번 더 집중한다."
"set_armor_203","거울 나라의 방열복","방어구-방열복","고급","3","0.5","0","방어 +2","반영 속 상처를 현실의 갑옷으로 바꾼다."
"set_armor_204","피쿼드의 항해의 방열복","방어구-방열복","희귀","3","0.5","1","공격 +3","항해를 멈춘 갑판에도 오래된 맹세가 남았다."
"set_armor_205","백경의 상흔의 방열복","방어구-방열복","영웅","5","0.5","2","흡혈 % +5 / 20% 화상 피해 +4","먼 바다의 상처가 살아남는 자에게 온기를 돌려준다."
"set_armor_206","라만차의 꿈의 방열복","방어구-방열복","전설","5","0.5","4","최대 HP +13 / 20% 화상 피해 +5","비웃음을 견딘 꿈은 누군가의 방패가 된다."
"set_armor_207","산초의 귀환길의 방열복","방어구-방열복","신화","7","0.5","6","반사 피해 +6 / 20% 화상 피해 +6","돌아갈 길의 돌멩이도 위험을 향하면 무기가 된다."
"set_armor_208","봉합 실험실의 방열복","방어구-방열복","일반","1","0.5","0","없음","이음새의 흉터는 실패가 아니라 생존의 기록이다."
"set_armor_209","피조물의 이름의 방열복","방어구-방열복","고급","3","0.5","0","흡혈 % +3","남에게 받은 이름 대신 스스로 선택한 이름을 새겼다."
"set_armor_210","노틸러스의 심해의 방열복","방어구-방열복","희귀","3","0.5","1","기절 확률 % +3","압력에 갇힌 번개의 기억이 금속 안에서 흔들린다."
"set_armor_211","오즈의 녹색 도시의 방열복","방어구-방열복","영웅","5","0.5","2","행운 % +2 / 20% 화상 피해 +4","녹색 유리 아래 숨은 진실을 한 조각씩 드러낸다."
"set_armor_212","셜우드의 숲의 방열복","방어구-방열복","전설","5","0.5","4","치명타 % +6 / 20% 화상 피해 +5","숲의 사람에게 나눈 몫을 이 물건은 기억한다."
"set_armor_213","노트르담의 종의 방열복","방어구-방열복","신화","7","0.5","6","방어 +6 / 20% 화상 피해 +6","쫓겨난 사람이 돌아오는 날 종이 다시 울린다."
"set_armor_214","몽테크리스토의 장부의 방열복","방어구-방열복","일반","1","0.5","0","없음","복수의 값과 자유의 값이 다른 칸에 적혀 있다."
"set_armor_215","시간 기계의 잔광의 방열복","방어구-방열복","고급","3","0.5","0","회피 % +3","미래에서 흘러온 작은 빛이 지금의 빈틈을 보여 준다."
"set_armor_216","드라큘라의 새벽의 방열복","방어구-방열복","희귀","3","0.5","1","20% 중독 피해 +3","초대받지 않은 밤이 문턱에서 천천히 힘을 잃는다."
"set_armor_217","천일야화의 등불의 방열복","방어구-방열복","영웅","5","0.5","2","최대 MP +2 / 20% 화상 피해 +4","이야기가 이어지는 동안 아직 끝은 오지 않는다."
"set_armor_218","성냥팔이의 불씨의 방열복","방어구-방열복","전설","5","0.5","4","20% 화상 피해 +5","사라진 소원의 온기를 살아 있는 사람에게 전한다."
"set_armor_219","파우스트의 서명의 방열복","방어구-방열복","신화","7","0.5","6","행운 % +3 / 20% 화상 피해 +6","계약의 끝에 남은 빈 줄은 아직 당신의 것이다."
"set_armor_220","토끼굴의 봉합옷","방어구-봉합옷","신화","6","0.5","6","회피 % +7 / 흡혈 % +7","갑자기 달라진 크기에도 돌아갈 문을 기억한다."
"set_armor_221","하트 법정의 봉합옷","방어구-봉합옷","일반","2","0.5","0","없음","재판의 결론보다 먼저 사람의 목소리를 묻는다."
"set_armor_222","흰 토끼의 시계의 봉합옷","방어구-봉합옷","고급","2","0.5","0","최대 MP +1","늦었다는 종소리가 울릴 때도 한 번 더 집중한다."
"set_armor_223","거울 나라의 봉합옷","방어구-봉합옷","희귀","4","0.5","1","방어 +3","반영 속 상처를 현실의 갑옷으로 바꾼다."
"set_armor_224","피쿼드의 항해의 봉합옷","방어구-봉합옷","영웅","4","0.5","2","공격 +4 / 흡혈 % +5","항해를 멈춘 갑판에도 오래된 맹세가 남았다."
"set_armor_225","백경의 상흔의 봉합옷","방어구-봉합옷","전설","6","0.5","4","흡혈 % +6","먼 바다의 상처가 살아남는 자에게 온기를 돌려준다."
"set_armor_226","라만차의 꿈의 봉합옷","방어구-봉합옷","신화","6","0.5","6","최대 HP +15 / 흡혈 % +7","비웃음을 견딘 꿈은 누군가의 방패가 된다."
"set_armor_227","산초의 귀환길의 봉합옷","방어구-봉합옷","일반","2","0.5","0","없음","돌아갈 길의 돌멩이도 위험을 향하면 무기가 된다."
"set_armor_228","봉합 실험실의 봉합옷","방어구-봉합옷","고급","2","0.5","0","최대 HP +7","이음새의 흉터는 실패가 아니라 생존의 기록이다."
"set_armor_229","피조물의 이름의 봉합옷","방어구-봉합옷","희귀","4","0.5","1","흡혈 % +4","남에게 받은 이름 대신 스스로 선택한 이름을 새겼다."
"set_armor_230","노틸러스의 심해의 봉합옷","방어구-봉합옷","영웅","4","0.5","2","기절 확률 % +4 / 흡혈 % +5","압력에 갇힌 번개의 기억이 금속 안에서 흔들린다."
"set_armor_231","오즈의 녹색 도시의 봉합옷","방어구-봉합옷","전설","6","0.5","4","행운 % +3 / 흡혈 % +6","녹색 유리 아래 숨은 진실을 한 조각씩 드러낸다."
"set_armor_232","셜우드의 숲의 봉합옷","방어구-봉합옷","신화","6","0.5","6","치명타 % +7 / 흡혈 % +7","숲의 사람에게 나눈 몫을 이 물건은 기억한다."
"set_armor_233","노트르담의 종의 봉합옷","방어구-봉합옷","일반","2","0.5","0","없음","쫓겨난 사람이 돌아오는 날 종이 다시 울린다."
"set_armor_234","몽테크리스토의 장부의 봉합옷","방어구-봉합옷","고급","2","0.5","0","공격 +2","복수의 값과 자유의 값이 다른 칸에 적혀 있다."
"set_armor_235","시간 기계의 잔광의 봉합옷","방어구-봉합옷","희귀","4","0.5","1","회피 % +4","미래에서 흘러온 작은 빛이 지금의 빈틈을 보여 준다."
"set_armor_236","드라큘라의 새벽의 봉합옷","방어구-봉합옷","영웅","4","0.5","2","20% 중독 피해 +4 / 흡혈 % +5","초대받지 않은 밤이 문턱에서 천천히 힘을 잃는다."
"set_armor_237","천일야화의 등불의 봉합옷","방어구-봉합옷","전설","6","0.5","4","최대 MP +3 / 흡혈 % +6","이야기가 이어지는 동안 아직 끝은 오지 않는다."
"set_armor_238","성냥팔이의 불씨의 봉합옷","방어구-봉합옷","신화","6","0.5","6","20% 화상 피해 +6 / 흡혈 % +7","사라진 소원의 온기를 살아 있는 사람에게 전한다."
"set_armor_239","파우스트의 서명의 봉합옷","방어구-봉합옷","일반","2","0.5","0","없음","계약의 끝에 남은 빈 줄은 아직 당신의 것이다."
"set_armor_240","토끼굴의 비늘갑","방어구-비늘갑","일반","1","0.5","0","없음","갑자기 달라진 크기에도 돌아갈 문을 기억한다."
"set_armor_241","하트 법정의 비늘갑","방어구-비늘갑","고급","3","0.5","0","치명타 % +3","재판의 결론보다 먼저 사람의 목소리를 묻는다."
"set_armor_242","흰 토끼의 시계의 비늘갑","방어구-비늘갑","희귀","3","0.5","1","최대 MP +2","늦었다는 종소리가 울릴 때도 한 번 더 집중한다."
"set_armor_243","거울 나라의 비늘갑","방어구-비늘갑","영웅","5","0.5","2","방어 +4","반영 속 상처를 현실의 갑옷으로 바꾼다."
"set_armor_244","피쿼드의 항해의 비늘갑","방어구-비늘갑","전설","5","0.5","4","공격 +5 / 방어 +5","항해를 멈춘 갑판에도 오래된 맹세가 남았다."
"set_armor_245","백경의 상흔의 비늘갑","방어구-비늘갑","신화","7","0.5","6","흡혈 % +7 / 방어 +6","먼 바다의 상처가 살아남는 자에게 온기를 돌려준다."
"set_armor_246","라만차의 꿈의 비늘갑","방어구-비늘갑","일반","1","0.5","0","없음","비웃음을 견딘 꿈은 누군가의 방패가 된다."
"set_armor_247","산초의 귀환길의 비늘갑","방어구-비늘갑","고급","3","0.5","0","반사 피해 +2","돌아갈 길의 돌멩이도 위험을 향하면 무기가 된다."
"set_armor_248","봉합 실험실의 비늘갑","방어구-비늘갑","희귀","3","0.5","1","최대 HP +9","이음새의 흉터는 실패가 아니라 생존의 기록이다."
"set_armor_249","피조물의 이름의 비늘갑","방어구-비늘갑","영웅","5","0.5","2","흡혈 % +5 / 방어 +4","남에게 받은 이름 대신 스스로 선택한 이름을 새겼다."
"set_armor_250","노틸러스의 심해의 비늘갑","방어구-비늘갑","전설","5","0.5","4","기절 확률 % +5 / 방어 +5","압력에 갇힌 번개의 기억이 금속 안에서 흔들린다."
"set_armor_251","오즈의 녹색 도시의 비늘갑","방어구-비늘갑","신화","7","0.5","6","행운 % +3 / 방어 +6","녹색 유리 아래 숨은 진실을 한 조각씩 드러낸다."
"set_armor_252","셜우드의 숲의 비늘갑","방어구-비늘갑","일반","1","0.5","0","없음","숲의 사람에게 나눈 몫을 이 물건은 기억한다."
"set_armor_253","노트르담의 종의 비늘갑","방어구-비늘갑","고급","3","0.5","0","방어 +2","쫓겨난 사람이 돌아오는 날 종이 다시 울린다."
"set_armor_254","몽테크리스토의 장부의 비늘갑","방어구-비늘갑","희귀","3","0.5","1","공격 +3","복수의 값과 자유의 값이 다른 칸에 적혀 있다."
"set_armor_255","시간 기계의 잔광의 비늘갑","방어구-비늘갑","영웅","5","0.5","2","회피 % +5 / 방어 +4","미래에서 흘러온 작은 빛이 지금의 빈틈을 보여 준다."
"set_armor_256","드라큘라의 새벽의 비늘갑","방어구-비늘갑","전설","5","0.5","4","20% 중독 피해 +5 / 방어 +5","초대받지 않은 밤이 문턱에서 천천히 힘을 잃는다."
"set_armor_257","천일야화의 등불의 비늘갑","방어구-비늘갑","신화","7","0.5","6","최대 MP +3 / 방어 +6","이야기가 이어지는 동안 아직 끝은 오지 않는다."
"set_armor_258","성냥팔이의 불씨의 비늘갑","방어구-비늘갑","일반","1","0.5","0","없음","사라진 소원의 온기를 살아 있는 사람에게 전한다."
"set_armor_259","파우스트의 서명의 비늘갑","방어구-비늘갑","고급","3","0.5","0","행운 % +1","계약의 끝에 남은 빈 줄은 아직 당신의 것이다."
"set_armor_260","토끼굴의 경갑","방어구-경갑","고급","2","0.5","0","회피 % +3","갑자기 달라진 크기에도 돌아갈 문을 기억한다."
"set_armor_261","하트 법정의 경갑","방어구-경갑","희귀","4","0.5","1","치명타 % +4","재판의 결론보다 먼저 사람의 목소리를 묻는다."
"set_armor_262","흰 토끼의 시계의 경갑","방어구-경갑","영웅","4","0.5","2","최대 MP +2 / 행운 % +2","늦었다는 종소리가 울릴 때도 한 번 더 집중한다."
"set_armor_263","거울 나라의 경갑","방어구-경갑","전설","6","0.5","4","방어 +5 / 행운 % +3","반영 속 상처를 현실의 갑옷으로 바꾼다."
"set_armor_264","피쿼드의 항해의 경갑","방어구-경갑","신화","6","0.5","6","공격 +6 / 행운 % +3","항해를 멈춘 갑판에도 오래된 맹세가 남았다."
"set_armor_265","백경의 상흔의 경갑","방어구-경갑","일반","2","0.5","0","없음","먼 바다의 상처가 살아남는 자에게 온기를 돌려준다."
"set_armor_266","라만차의 꿈의 경갑","방어구-경갑","고급","2","0.5","0","최대 HP +7","비웃음을 견딘 꿈은 누군가의 방패가 된다."
"set_armor_267","산초의 귀환길의 경갑","방어구-경갑","희귀","4","0.5","1","반사 피해 +3","돌아갈 길의 돌멩이도 위험을 향하면 무기가 된다."
"set_armor_268","봉합 실험실의 경갑","방어구-경갑","영웅","4","0.5","2","최대 HP +11 / 행운 % +2","이음새의 흉터는 실패가 아니라 생존의 기록이다."
"set_armor_269","피조물의 이름의 경갑","방어구-경갑","전설","6","0.5","4","흡혈 % +6 / 행운 % +3","남에게 받은 이름 대신 스스로 선택한 이름을 새겼다."
"set_armor_270","노틸러스의 심해의 경갑","방어구-경갑","신화","6","0.5","6","기절 확률 % +6 / 행운 % +3","압력에 갇힌 번개의 기억이 금속 안에서 흔들린다."
"set_armor_271","오즈의 녹색 도시의 경갑","방어구-경갑","일반","2","0.5","0","없음","녹색 유리 아래 숨은 진실을 한 조각씩 드러낸다."
"set_armor_272","셜우드의 숲의 경갑","방어구-경갑","고급","2","0.5","0","치명타 % +3","숲의 사람에게 나눈 몫을 이 물건은 기억한다."
"set_armor_273","노트르담의 종의 경갑","방어구-경갑","희귀","4","0.5","1","방어 +3","쫓겨난 사람이 돌아오는 날 종이 다시 울린다."
"set_armor_274","몽테크리스토의 장부의 경갑","방어구-경갑","영웅","4","0.5","2","공격 +4 / 행운 % +2","복수의 값과 자유의 값이 다른 칸에 적혀 있다."
"set_armor_275","시간 기계의 잔광의 경갑","방어구-경갑","전설","6","0.5","4","회피 % +6 / 행운 % +3","미래에서 흘러온 작은 빛이 지금의 빈틈을 보여 준다."
"set_armor_276","드라큘라의 새벽의 경갑","방어구-경갑","신화","6","0.5","6","20% 중독 피해 +6 / 행운 % +3","초대받지 않은 밤이 문턱에서 천천히 힘을 잃는다."
"set_armor_277","천일야화의 등불의 경갑","방어구-경갑","일반","2","0.5","0","없음","이야기가 이어지는 동안 아직 끝은 오지 않는다."
"set_armor_278","성냥팔이의 불씨의 경갑","방어구-경갑","고급","2","0.5","0","20% 화상 피해 +2","사라진 소원의 온기를 살아 있는 사람에게 전한다."
"set_armor_279","파우스트의 서명의 경갑","방어구-경갑","희귀","4","0.5","1","행운 % +2","계약의 끝에 남은 빈 줄은 아직 당신의 것이다."
"set_armor_280","토끼굴의 법복","방어구-법복","희귀","3","0.5","1","회피 % +4","갑자기 달라진 크기에도 돌아갈 문을 기억한다."
"set_armor_281","하트 법정의 법복","방어구-법복","영웅","5","0.5","2","치명타 % +5 / 20% 중독 피해 +4","재판의 결론보다 먼저 사람의 목소리를 묻는다."
"set_armor_282","흰 토끼의 시계의 법복","방어구-법복","전설","5","0.5","4","최대 MP +3 / 20% 중독 피해 +5","늦었다는 종소리가 울릴 때도 한 번 더 집중한다."
"set_armor_283","거울 나라의 법복","방어구-법복","신화","7","0.5","6","방어 +6 / 20% 중독 피해 +6","반영 속 상처를 현실의 갑옷으로 바꾼다."
"set_armor_284","피쿼드의 항해의 법복","방어구-법복","일반","1","0.5","0","없음","항해를 멈춘 갑판에도 오래된 맹세가 남았다."
"set_armor_285","백경의 상흔의 법복","방어구-법복","고급","3","0.5","0","흡혈 % +3","먼 바다의 상처가 살아남는 자에게 온기를 돌려준다."
"set_armor_286","라만차의 꿈의 법복","방어구-법복","희귀","3","0.5","1","최대 HP +9","비웃음을 견딘 꿈은 누군가의 방패가 된다."
"set_armor_287","산초의 귀환길의 법복","방어구-법복","영웅","5","0.5","2","반사 피해 +4 / 20% 중독 피해 +4","돌아갈 길의 돌멩이도 위험을 향하면 무기가 된다."
"set_armor_288","봉합 실험실의 법복","방어구-법복","전설","5","0.5","4","최대 HP +13 / 20% 중독 피해 +5","이음새의 흉터는 실패가 아니라 생존의 기록이다."
"set_armor_289","피조물의 이름의 법복","방어구-법복","신화","7","0.5","6","흡혈 % +7 / 20% 중독 피해 +6","남에게 받은 이름 대신 스스로 선택한 이름을 새겼다."
"set_armor_290","노틸러스의 심해의 법복","방어구-법복","일반","1","0.5","0","없음","압력에 갇힌 번개의 기억이 금속 안에서 흔들린다."
"set_armor_291","오즈의 녹색 도시의 법복","방어구-법복","고급","3","0.5","0","행운 % +1","녹색 유리 아래 숨은 진실을 한 조각씩 드러낸다."
"set_armor_292","셜우드의 숲의 법복","방어구-법복","희귀","3","0.5","1","치명타 % +4","숲의 사람에게 나눈 몫을 이 물건은 기억한다."
"set_armor_293","노트르담의 종의 법복","방어구-법복","영웅","5","0.5","2","방어 +4 / 20% 중독 피해 +4","쫓겨난 사람이 돌아오는 날 종이 다시 울린다."
"set_armor_294","몽테크리스토의 장부의 법복","방어구-법복","전설","5","0.5","4","공격 +5 / 20% 중독 피해 +5","복수의 값과 자유의 값이 다른 칸에 적혀 있다."
"set_armor_295","시간 기계의 잔광의 법복","방어구-법복","신화","7","0.5","6","회피 % +7 / 20% 중독 피해 +6","미래에서 흘러온 작은 빛이 지금의 빈틈을 보여 준다."
"set_armor_296","드라큘라의 새벽의 법복","방어구-법복","일반","1","0.5","0","없음","초대받지 않은 밤이 문턱에서 천천히 힘을 잃는다."
"set_armor_297","천일야화의 등불의 법복","방어구-법복","고급","3","0.5","0","최대 MP +1","이야기가 이어지는 동안 아직 끝은 오지 않는다."
"set_armor_298","성냥팔이의 불씨의 법복","방어구-법복","희귀","3","0.5","1","20% 화상 피해 +3","사라진 소원의 온기를 살아 있는 사람에게 전한다."
"set_armor_299","파우스트의 서명의 법복","방어구-법복","영웅","5","0.5","2","행운 % +2 / 20% 중독 피해 +4","계약의 끝에 남은 빈 줄은 아직 당신의 것이다."
"set_armor_300","토끼굴의 군복","방어구-군복","영웅","4","0.5","2","회피 % +5 / 공격 +4","갑자기 달라진 크기에도 돌아갈 문을 기억한다."
"set_armor_301","하트 법정의 군복","방어구-군복","전설","6","0.5","4","치명타 % +6 / 공격 +5","재판의 결론보다 먼저 사람의 목소리를 묻는다."
"set_armor_302","흰 토끼의 시계의 군복","방어구-군복","신화","6","0.5","6","최대 MP +3 / 공격 +6","늦었다는 종소리가 울릴 때도 한 번 더 집중한다."
"set_armor_303","거울 나라의 군복","방어구-군복","일반","2","0.5","0","없음","반영 속 상처를 현실의 갑옷으로 바꾼다."
"set_armor_304","피쿼드의 항해의 군복","방어구-군복","고급","2","0.5","0","공격 +2","항해를 멈춘 갑판에도 오래된 맹세가 남았다."
"set_armor_305","백경의 상흔의 군복","방어구-군복","희귀","4","0.5","1","흡혈 % +4","먼 바다의 상처가 살아남는 자에게 온기를 돌려준다."
"set_armor_306","라만차의 꿈의 군복","방어구-군복","영웅","4","0.5","2","최대 HP +11 / 공격 +4","비웃음을 견딘 꿈은 누군가의 방패가 된다."
"set_armor_307","산초의 귀환길의 군복","방어구-군복","전설","6","0.5","4","반사 피해 +5 / 공격 +5","돌아갈 길의 돌멩이도 위험을 향하면 무기가 된다."
"set_armor_308","봉합 실험실의 군복","방어구-군복","신화","6","0.5","6","최대 HP +15 / 공격 +6","이음새의 흉터는 실패가 아니라 생존의 기록이다."
"set_armor_309","피조물의 이름의 군복","방어구-군복","일반","2","0.5","0","없음","남에게 받은 이름 대신 스스로 선택한 이름을 새겼다."
"set_armor_310","노틸러스의 심해의 군복","방어구-군복","고급","2","0.5","0","기절 확률 % +2","압력에 갇힌 번개의 기억이 금속 안에서 흔들린다."
"set_armor_311","오즈의 녹색 도시의 군복","방어구-군복","희귀","4","0.5","1","행운 % +2","녹색 유리 아래 숨은 진실을 한 조각씩 드러낸다."
"set_armor_312","셜우드의 숲의 군복","방어구-군복","영웅","4","0.5","2","치명타 % +5 / 공격 +4","숲의 사람에게 나눈 몫을 이 물건은 기억한다."
"set_armor_313","노트르담의 종의 군복","방어구-군복","전설","6","0.5","4","방어 +5 / 공격 +5","쫓겨난 사람이 돌아오는 날 종이 다시 울린다."
"set_armor_314","몽테크리스토의 장부의 군복","방어구-군복","신화","6","0.5","6","공격 +6","복수의 값과 자유의 값이 다른 칸에 적혀 있다."
"set_armor_315","시간 기계의 잔광의 군복","방어구-군복","일반","2","0.5","0","없음","미래에서 흘러온 작은 빛이 지금의 빈틈을 보여 준다."
"set_armor_316","드라큘라의 새벽의 군복","방어구-군복","고급","2","0.5","0","20% 중독 피해 +2","초대받지 않은 밤이 문턱에서 천천히 힘을 잃는다."
"set_armor_317","천일야화의 등불의 군복","방어구-군복","희귀","4","0.5","1","최대 MP +2","이야기가 이어지는 동안 아직 끝은 오지 않는다."
"set_armor_318","성냥팔이의 불씨의 군복","방어구-군복","영웅","4","0.5","2","20% 화상 피해 +4 / 공격 +4","사라진 소원의 온기를 살아 있는 사람에게 전한다."
"set_armor_319","파우스트의 서명의 군복","방어구-군복","전설","6","0.5","4","행운 % +3 / 공격 +5","계약의 끝에 남은 빈 줄은 아직 당신의 것이다."
"set_armor_320","토끼굴의 항해복","방어구-항해복","전설","5","0.5","4","회피 % +6 / 기절 확률 % +5","갑자기 달라진 크기에도 돌아갈 문을 기억한다."
"set_armor_321","하트 법정의 항해복","방어구-항해복","신화","7","0.5","6","치명타 % +7 / 기절 확률 % +6","재판의 결론보다 먼저 사람의 목소리를 묻는다."
"set_armor_322","흰 토끼의 시계의 항해복","방어구-항해복","일반","1","0.5","0","없음","늦었다는 종소리가 울릴 때도 한 번 더 집중한다."
"set_armor_323","거울 나라의 항해복","방어구-항해복","고급","3","0.5","0","방어 +2","반영 속 상처를 현실의 갑옷으로 바꾼다."
"set_armor_324","피쿼드의 항해의 항해복","방어구-항해복","희귀","3","0.5","1","공격 +3","항해를 멈춘 갑판에도 오래된 맹세가 남았다."
"set_armor_325","백경의 상흔의 항해복","방어구-항해복","영웅","5","0.5","2","흡혈 % +5 / 기절 확률 % +4","먼 바다의 상처가 살아남는 자에게 온기를 돌려준다."
"set_armor_326","라만차의 꿈의 항해복","방어구-항해복","전설","5","0.5","4","최대 HP +13 / 기절 확률 % +5","비웃음을 견딘 꿈은 누군가의 방패가 된다."
"set_armor_327","산초의 귀환길의 항해복","방어구-항해복","신화","7","0.5","6","반사 피해 +6 / 기절 확률 % +6","돌아갈 길의 돌멩이도 위험을 향하면 무기가 된다."
"set_armor_328","봉합 실험실의 항해복","방어구-항해복","일반","1","0.5","0","없음","이음새의 흉터는 실패가 아니라 생존의 기록이다."
"set_armor_329","피조물의 이름의 항해복","방어구-항해복","고급","3","0.5","0","흡혈 % +3","남에게 받은 이름 대신 스스로 선택한 이름을 새겼다."
"set_armor_330","노틸러스의 심해의 항해복","방어구-항해복","희귀","3","0.5","1","기절 확률 % +3","압력에 갇힌 번개의 기억이 금속 안에서 흔들린다."
"set_armor_331","오즈의 녹색 도시의 항해복","방어구-항해복","영웅","5","0.5","2","행운 % +2 / 기절 확률 % +4","녹색 유리 아래 숨은 진실을 한 조각씩 드러낸다."
"set_armor_332","셜우드의 숲의 항해복","방어구-항해복","전설","5","0.5","4","치명타 % +6 / 기절 확률 % +5","숲의 사람에게 나눈 몫을 이 물건은 기억한다."
"set_armor_333","노트르담의 종의 항해복","방어구-항해복","신화","7","0.5","6","방어 +6 / 기절 확률 % +6","쫓겨난 사람이 돌아오는 날 종이 다시 울린다."
"set_armor_334","몽테크리스토의 장부의 항해복","방어구-항해복","일반","1","0.5","0","없음","복수의 값과 자유의 값이 다른 칸에 적혀 있다."
"set_armor_335","시간 기계의 잔광의 항해복","방어구-항해복","고급","3","0.5","0","회피 % +3","미래에서 흘러온 작은 빛이 지금의 빈틈을 보여 준다."
"set_armor_336","드라큘라의 새벽의 항해복","방어구-항해복","희귀","3","0.5","1","20% 중독 피해 +3","초대받지 않은 밤이 문턱에서 천천히 힘을 잃는다."
"set_armor_337","천일야화의 등불의 항해복","방어구-항해복","영웅","5","0.5","2","최대 MP +2 / 기절 확률 % +4","이야기가 이어지는 동안 아직 끝은 오지 않는다."
"set_charm_0","토끼굴의 반지","장신구-반지","일반","1","0","0","없음","갑자기 달라진 크기에도 돌아갈 문을 기억한다."
"set_charm_1","하트 법정의 반지","장신구-반지","고급","1","0","0","치명타 % +3","재판의 결론보다 먼저 사람의 목소리를 묻는다."
"set_charm_2","흰 토끼의 시계의 반지","장신구-반지","희귀","2","0","1","최대 MP +2","늦었다는 종소리가 울릴 때도 한 번 더 집중한다."
"set_charm_3","거울 나라의 반지","장신구-반지","영웅","2","0","2","방어 +4 / 치명타 % +5","반영 속 상처를 현실의 갑옷으로 바꾼다."
"set_charm_4","피쿼드의 항해의 반지","장신구-반지","전설","3","0","4","공격 +5 / 치명타 % +6","항해를 멈춘 갑판에도 오래된 맹세가 남았다."
"set_charm_5","백경의 상흔의 반지","장신구-반지","신화","3","0","6","흡혈 % +7 / 치명타 % +7","먼 바다의 상처가 살아남는 자에게 온기를 돌려준다."
"set_charm_6","라만차의 꿈의 반지","장신구-반지","일반","1","0","0","없음","비웃음을 견딘 꿈은 누군가의 방패가 된다."
"set_charm_7","산초의 귀환길의 반지","장신구-반지","고급","1","0","0","반사 피해 +2","돌아갈 길의 돌멩이도 위험을 향하면 무기가 된다."
"set_charm_8","봉합 실험실의 반지","장신구-반지","희귀","2","0","1","최대 HP +9","이음새의 흉터는 실패가 아니라 생존의 기록이다."
"set_charm_9","피조물의 이름의 반지","장신구-반지","영웅","2","0","2","흡혈 % +5 / 치명타 % +5","남에게 받은 이름 대신 스스로 선택한 이름을 새겼다."
"set_charm_10","노틸러스의 심해의 반지","장신구-반지","전설","3","0","4","기절 확률 % +5 / 치명타 % +6","압력에 갇힌 번개의 기억이 금속 안에서 흔들린다."
"set_charm_11","오즈의 녹색 도시의 반지","장신구-반지","신화","3","0","6","행운 % +3 / 치명타 % +7","녹색 유리 아래 숨은 진실을 한 조각씩 드러낸다."
"set_charm_12","셜우드의 숲의 반지","장신구-반지","일반","1","0","0","없음","숲의 사람에게 나눈 몫을 이 물건은 기억한다."
"set_charm_13","노트르담의 종의 반지","장신구-반지","고급","1","0","0","방어 +2","쫓겨난 사람이 돌아오는 날 종이 다시 울린다."
"set_charm_14","몽테크리스토의 장부의 반지","장신구-반지","희귀","2","0","1","공격 +3","복수의 값과 자유의 값이 다른 칸에 적혀 있다."
"set_charm_15","시간 기계의 잔광의 반지","장신구-반지","영웅","2","0","2","회피 % +5 / 치명타 % +5","미래에서 흘러온 작은 빛이 지금의 빈틈을 보여 준다."
"set_charm_16","드라큘라의 새벽의 반지","장신구-반지","전설","3","0","4","20% 중독 피해 +5 / 치명타 % +6","초대받지 않은 밤이 문턱에서 천천히 힘을 잃는다."
"set_charm_17","천일야화의 등불의 반지","장신구-반지","신화","3","0","6","최대 MP +3 / 치명타 % +7","이야기가 이어지는 동안 아직 끝은 오지 않는다."
"set_charm_18","성냥팔이의 불씨의 반지","장신구-반지","일반","1","0","0","없음","사라진 소원의 온기를 살아 있는 사람에게 전한다."
"set_charm_19","파우스트의 서명의 반지","장신구-반지","고급","1","0","0","행운 % +1","계약의 끝에 남은 빈 줄은 아직 당신의 것이다."
"set_charm_20","토끼굴의 목걸이","장신구-목걸이","고급","1","0","0","회피 % +3","갑자기 달라진 크기에도 돌아갈 문을 기억한다."
"set_charm_21","하트 법정의 목걸이","장신구-목걸이","희귀","2","0","1","치명타 % +4","재판의 결론보다 먼저 사람의 목소리를 묻는다."
"set_charm_22","흰 토끼의 시계의 목걸이","장신구-목걸이","영웅","2","0","2","최대 MP +2 / 최대 HP +11","늦었다는 종소리가 울릴 때도 한 번 더 집중한다."
"set_charm_23","거울 나라의 목걸이","장신구-목걸이","전설","3","0","4","방어 +5 / 최대 HP +13","반영 속 상처를 현실의 갑옷으로 바꾼다."
"set_charm_24","피쿼드의 항해의 목걸이","장신구-목걸이","신화","3","0","6","공격 +6 / 최대 HP +15","항해를 멈춘 갑판에도 오래된 맹세가 남았다."
"set_charm_25","백경의 상흔의 목걸이","장신구-목걸이","일반","1","0","0","없음","먼 바다의 상처가 살아남는 자에게 온기를 돌려준다."
"set_charm_26","라만차의 꿈의 목걸이","장신구-목걸이","고급","1","0","0","최대 HP +7","비웃음을 견딘 꿈은 누군가의 방패가 된다."
"set_charm_27","산초의 귀환길의 목걸이","장신구-목걸이","희귀","2","0","1","반사 피해 +3","돌아갈 길의 돌멩이도 위험을 향하면 무기가 된다."
"set_charm_28","봉합 실험실의 목걸이","장신구-목걸이","영웅","2","0","2","최대 HP +11","이음새의 흉터는 실패가 아니라 생존의 기록이다."
"set_charm_29","피조물의 이름의 목걸이","장신구-목걸이","전설","3","0","4","흡혈 % +6 / 최대 HP +13","남에게 받은 이름 대신 스스로 선택한 이름을 새겼다."
"set_charm_30","노틸러스의 심해의 목걸이","장신구-목걸이","신화","3","0","6","기절 확률 % +6 / 최대 HP +15","압력에 갇힌 번개의 기억이 금속 안에서 흔들린다."
"set_charm_31","오즈의 녹색 도시의 목걸이","장신구-목걸이","일반","1","0","0","없음","녹색 유리 아래 숨은 진실을 한 조각씩 드러낸다."
"set_charm_32","셜우드의 숲의 목걸이","장신구-목걸이","고급","1","0","0","치명타 % +3","숲의 사람에게 나눈 몫을 이 물건은 기억한다."
"set_charm_33","노트르담의 종의 목걸이","장신구-목걸이","희귀","2","0","1","방어 +3","쫓겨난 사람이 돌아오는 날 종이 다시 울린다."
"set_charm_34","몽테크리스토의 장부의 목걸이","장신구-목걸이","영웅","2","0","2","공격 +4 / 최대 HP +11","복수의 값과 자유의 값이 다른 칸에 적혀 있다."
"set_charm_35","시간 기계의 잔광의 목걸이","장신구-목걸이","전설","3","0","4","회피 % +6 / 최대 HP +13","미래에서 흘러온 작은 빛이 지금의 빈틈을 보여 준다."
"set_charm_36","드라큘라의 새벽의 목걸이","장신구-목걸이","신화","3","0","6","20% 중독 피해 +6 / 최대 HP +15","초대받지 않은 밤이 문턱에서 천천히 힘을 잃는다."
"set_charm_37","천일야화의 등불의 목걸이","장신구-목걸이","일반","1","0","0","없음","이야기가 이어지는 동안 아직 끝은 오지 않는다."
"set_charm_38","성냥팔이의 불씨의 목걸이","장신구-목걸이","고급","1","0","0","20% 화상 피해 +2","사라진 소원의 온기를 살아 있는 사람에게 전한다."
"set_charm_39","파우스트의 서명의 목걸이","장신구-목걸이","희귀","2","0","1","행운 % +2","계약의 끝에 남은 빈 줄은 아직 당신의 것이다."
"set_charm_40","토끼굴의 부적","장신구-부적","희귀","2","0","1","회피 % +4","갑자기 달라진 크기에도 돌아갈 문을 기억한다."
"set_charm_41","하트 법정의 부적","장신구-부적","영웅","2","0","2","치명타 % +5 / 방어 +4","재판의 결론보다 먼저 사람의 목소리를 묻는다."
"set_charm_42","흰 토끼의 시계의 부적","장신구-부적","전설","3","0","4","최대 MP +3 / 방어 +5","늦었다는 종소리가 울릴 때도 한 번 더 집중한다."
"set_charm_43","거울 나라의 부적","장신구-부적","신화","3","0","6","방어 +6","반영 속 상처를 현실의 갑옷으로 바꾼다."
"set_charm_44","피쿼드의 항해의 부적","장신구-부적","일반","1","0","0","없음","항해를 멈춘 갑판에도 오래된 맹세가 남았다."
"set_charm_45","백경의 상흔의 부적","장신구-부적","고급","1","0","0","흡혈 % +3","먼 바다의 상처가 살아남는 자에게 온기를 돌려준다."
"set_charm_46","라만차의 꿈의 부적","장신구-부적","희귀","2","0","1","최대 HP +9","비웃음을 견딘 꿈은 누군가의 방패가 된다."
"set_charm_47","산초의 귀환길의 부적","장신구-부적","영웅","2","0","2","반사 피해 +4 / 방어 +4","돌아갈 길의 돌멩이도 위험을 향하면 무기가 된다."
"set_charm_48","봉합 실험실의 부적","장신구-부적","전설","3","0","4","최대 HP +13 / 방어 +5","이음새의 흉터는 실패가 아니라 생존의 기록이다."
"set_charm_49","피조물의 이름의 부적","장신구-부적","신화","3","0","6","흡혈 % +7 / 방어 +6","남에게 받은 이름 대신 스스로 선택한 이름을 새겼다."
"set_charm_50","노틸러스의 심해의 부적","장신구-부적","일반","1","0","0","없음","압력에 갇힌 번개의 기억이 금속 안에서 흔들린다."
"set_charm_51","오즈의 녹색 도시의 부적","장신구-부적","고급","1","0","0","행운 % +1","녹색 유리 아래 숨은 진실을 한 조각씩 드러낸다."
"set_charm_52","셜우드의 숲의 부적","장신구-부적","희귀","2","0","1","치명타 % +4","숲의 사람에게 나눈 몫을 이 물건은 기억한다."
"set_charm_53","노트르담의 종의 부적","장신구-부적","영웅","2","0","2","방어 +4","쫓겨난 사람이 돌아오는 날 종이 다시 울린다."
"set_charm_54","몽테크리스토의 장부의 부적","장신구-부적","전설","3","0","4","공격 +5 / 방어 +5","복수의 값과 자유의 값이 다른 칸에 적혀 있다."
"set_charm_55","시간 기계의 잔광의 부적","장신구-부적","신화","3","0","6","회피 % +7 / 방어 +6","미래에서 흘러온 작은 빛이 지금의 빈틈을 보여 준다."
"set_charm_56","드라큘라의 새벽의 부적","장신구-부적","일반","1","0","0","없음","초대받지 않은 밤이 문턱에서 천천히 힘을 잃는다."
"set_charm_57","천일야화의 등불의 부적","장신구-부적","고급","1","0","0","최대 MP +1","이야기가 이어지는 동안 아직 끝은 오지 않는다."
"set_charm_58","성냥팔이의 불씨의 부적","장신구-부적","희귀","2","0","1","20% 화상 피해 +3","사라진 소원의 온기를 살아 있는 사람에게 전한다."
"set_charm_59","파우스트의 서명의 부적","장신구-부적","영웅","2","0","2","행운 % +2 / 방어 +4","계약의 끝에 남은 빈 줄은 아직 당신의 것이다."
"set_charm_60","토끼굴의 회중시계","장신구-회중시계","영웅","2","0","2","회피 % +5","갑자기 달라진 크기에도 돌아갈 문을 기억한다."
"set_charm_61","하트 법정의 회중시계","장신구-회중시계","전설","3","0","4","치명타 % +6 / 회피 % +6","재판의 결론보다 먼저 사람의 목소리를 묻는다."
"set_charm_62","흰 토끼의 시계의 회중시계","장신구-회중시계","신화","3","0","6","최대 MP +3 / 회피 % +7","늦었다는 종소리가 울릴 때도 한 번 더 집중한다."
"set_charm_63","거울 나라의 회중시계","장신구-회중시계","일반","1","0","0","없음","반영 속 상처를 현실의 갑옷으로 바꾼다."
"set_charm_64","피쿼드의 항해의 회중시계","장신구-회중시계","고급","1","0","0","공격 +2","항해를 멈춘 갑판에도 오래된 맹세가 남았다."
"set_charm_65","백경의 상흔의 회중시계","장신구-회중시계","희귀","2","0","1","흡혈 % +4","먼 바다의 상처가 살아남는 자에게 온기를 돌려준다."
"set_charm_66","라만차의 꿈의 회중시계","장신구-회중시계","영웅","2","0","2","최대 HP +11 / 회피 % +5","비웃음을 견딘 꿈은 누군가의 방패가 된다."
"set_charm_67","산초의 귀환길의 회중시계","장신구-회중시계","전설","3","0","4","반사 피해 +5 / 회피 % +6","돌아갈 길의 돌멩이도 위험을 향하면 무기가 된다."
"set_charm_68","봉합 실험실의 회중시계","장신구-회중시계","신화","3","0","6","최대 HP +15 / 회피 % +7","이음새의 흉터는 실패가 아니라 생존의 기록이다."
"set_charm_69","피조물의 이름의 회중시계","장신구-회중시계","일반","1","0","0","없음","남에게 받은 이름 대신 스스로 선택한 이름을 새겼다."
"set_charm_70","노틸러스의 심해의 회중시계","장신구-회중시계","고급","1","0","0","기절 확률 % +2","압력에 갇힌 번개의 기억이 금속 안에서 흔들린다."
"set_charm_71","오즈의 녹색 도시의 회중시계","장신구-회중시계","희귀","2","0","1","행운 % +2","녹색 유리 아래 숨은 진실을 한 조각씩 드러낸다."
"set_charm_72","셜우드의 숲의 회중시계","장신구-회중시계","영웅","2","0","2","치명타 % +5 / 회피 % +5","숲의 사람에게 나눈 몫을 이 물건은 기억한다."
"set_charm_73","노트르담의 종의 회중시계","장신구-회중시계","전설","3","0","4","방어 +5 / 회피 % +6","쫓겨난 사람이 돌아오는 날 종이 다시 울린다."
"set_charm_74","몽테크리스토의 장부의 회중시계","장신구-회중시계","신화","3","0","6","공격 +6 / 회피 % +7","복수의 값과 자유의 값이 다른 칸에 적혀 있다."
"set_charm_75","시간 기계의 잔광의 회중시계","장신구-회중시계","일반","1","0","0","없음","미래에서 흘러온 작은 빛이 지금의 빈틈을 보여 준다."
"set_charm_76","드라큘라의 새벽의 회중시계","장신구-회중시계","고급","1","0","0","20% 중독 피해 +2","초대받지 않은 밤이 문턱에서 천천히 힘을 잃는다."
"set_charm_77","천일야화의 등불의 회중시계","장신구-회중시계","희귀","2","0","1","최대 MP +2","이야기가 이어지는 동안 아직 끝은 오지 않는다."
"set_charm_78","성냥팔이의 불씨의 회중시계","장신구-회중시계","영웅","2","0","2","20% 화상 피해 +4 / 회피 % +5","사라진 소원의 온기를 살아 있는 사람에게 전한다."
"set_charm_79","파우스트의 서명의 회중시계","장신구-회중시계","전설","3","0","4","행운 % +3 / 회피 % +6","계약의 끝에 남은 빈 줄은 아직 당신의 것이다."
"set_charm_80","토끼굴의 동전","장신구-동전","전설","3","0","4","회피 % +6 / 행운 % +3","갑자기 달라진 크기에도 돌아갈 문을 기억한다."
"set_charm_81","하트 법정의 동전","장신구-동전","신화","3","0","6","치명타 % +7 / 행운 % +3","재판의 결론보다 먼저 사람의 목소리를 묻는다."
"set_charm_82","흰 토끼의 시계의 동전","장신구-동전","일반","1","0","0","없음","늦었다는 종소리가 울릴 때도 한 번 더 집중한다."
"set_charm_83","거울 나라의 동전","장신구-동전","고급","1","0","0","방어 +2","반영 속 상처를 현실의 갑옷으로 바꾼다."
"set_charm_84","피쿼드의 항해의 동전","장신구-동전","희귀","2","0","1","공격 +3","항해를 멈춘 갑판에도 오래된 맹세가 남았다."
"set_charm_85","백경의 상흔의 동전","장신구-동전","영웅","2","0","2","흡혈 % +5 / 행운 % +2","먼 바다의 상처가 살아남는 자에게 온기를 돌려준다."
"set_charm_86","라만차의 꿈의 동전","장신구-동전","전설","3","0","4","최대 HP +13 / 행운 % +3","비웃음을 견딘 꿈은 누군가의 방패가 된다."
"set_charm_87","산초의 귀환길의 동전","장신구-동전","신화","3","0","6","반사 피해 +6 / 행운 % +3","돌아갈 길의 돌멩이도 위험을 향하면 무기가 된다."
"set_charm_88","봉합 실험실의 동전","장신구-동전","일반","1","0","0","없음","이음새의 흉터는 실패가 아니라 생존의 기록이다."
"set_charm_89","피조물의 이름의 동전","장신구-동전","고급","1","0","0","흡혈 % +3","남에게 받은 이름 대신 스스로 선택한 이름을 새겼다."
"set_charm_90","노틸러스의 심해의 동전","장신구-동전","희귀","2","0","1","기절 확률 % +3","압력에 갇힌 번개의 기억이 금속 안에서 흔들린다."
"set_charm_91","오즈의 녹색 도시의 동전","장신구-동전","영웅","2","0","2","행운 % +2","녹색 유리 아래 숨은 진실을 한 조각씩 드러낸다."
"set_charm_92","셜우드의 숲의 동전","장신구-동전","전설","3","0","4","치명타 % +6 / 행운 % +3","숲의 사람에게 나눈 몫을 이 물건은 기억한다."
"set_charm_93","노트르담의 종의 동전","장신구-동전","신화","3","0","6","방어 +6 / 행운 % +3","쫓겨난 사람이 돌아오는 날 종이 다시 울린다."
"set_charm_94","몽테크리스토의 장부의 동전","장신구-동전","일반","1","0","0","없음","복수의 값과 자유의 값이 다른 칸에 적혀 있다."
"set_charm_95","시간 기계의 잔광의 동전","장신구-동전","고급","1","0","0","회피 % +3","미래에서 흘러온 작은 빛이 지금의 빈틈을 보여 준다."
"set_charm_96","드라큘라의 새벽의 동전","장신구-동전","희귀","2","0","1","20% 중독 피해 +3","초대받지 않은 밤이 문턱에서 천천히 힘을 잃는다."
"set_charm_97","천일야화의 등불의 동전","장신구-동전","영웅","2","0","2","최대 MP +2 / 행운 % +2","이야기가 이어지는 동안 아직 끝은 오지 않는다."
"set_charm_98","성냥팔이의 불씨의 동전","장신구-동전","전설","3","0","4","20% 화상 피해 +5 / 행운 % +3","사라진 소원의 온기를 살아 있는 사람에게 전한다."
"set_charm_99","파우스트의 서명의 동전","장신구-동전","신화","3","0","6","행운 % +3","계약의 끝에 남은 빈 줄은 아직 당신의 것이다."
"set_charm_100","토끼굴의 책갈피","장신구-책갈피","신화","3","0","6","회피 % +7 / 최대 MP +3","갑자기 달라진 크기에도 돌아갈 문을 기억한다."
"set_charm_101","하트 법정의 책갈피","장신구-책갈피","일반","1","0","0","없음","재판의 결론보다 먼저 사람의 목소리를 묻는다."
"set_charm_102","흰 토끼의 시계의 책갈피","장신구-책갈피","고급","1","0","0","최대 MP +1","늦었다는 종소리가 울릴 때도 한 번 더 집중한다."
"set_charm_103","거울 나라의 책갈피","장신구-책갈피","희귀","2","0","1","방어 +3","반영 속 상처를 현실의 갑옷으로 바꾼다."
"set_charm_104","피쿼드의 항해의 책갈피","장신구-책갈피","영웅","2","0","2","공격 +4 / 최대 MP +2","항해를 멈춘 갑판에도 오래된 맹세가 남았다."
"set_charm_105","백경의 상흔의 책갈피","장신구-책갈피","전설","3","0","4","흡혈 % +6 / 최대 MP +3","먼 바다의 상처가 살아남는 자에게 온기를 돌려준다."
"set_charm_106","라만차의 꿈의 책갈피","장신구-책갈피","신화","3","0","6","최대 HP +15 / 최대 MP +3","비웃음을 견딘 꿈은 누군가의 방패가 된다."
"set_charm_107","산초의 귀환길의 책갈피","장신구-책갈피","일반","1","0","0","없음","돌아갈 길의 돌멩이도 위험을 향하면 무기가 된다."
"set_charm_108","봉합 실험실의 책갈피","장신구-책갈피","고급","1","0","0","최대 HP +7","이음새의 흉터는 실패가 아니라 생존의 기록이다."
"set_charm_109","피조물의 이름의 책갈피","장신구-책갈피","희귀","2","0","1","흡혈 % +4","남에게 받은 이름 대신 스스로 선택한 이름을 새겼다."
"set_charm_110","노틸러스의 심해의 책갈피","장신구-책갈피","영웅","2","0","2","기절 확률 % +4 / 최대 MP +2","압력에 갇힌 번개의 기억이 금속 안에서 흔들린다."
"set_charm_111","오즈의 녹색 도시의 책갈피","장신구-책갈피","전설","3","0","4","행운 % +3 / 최대 MP +3","녹색 유리 아래 숨은 진실을 한 조각씩 드러낸다."
"set_charm_112","셜우드의 숲의 책갈피","장신구-책갈피","신화","3","0","6","치명타 % +7 / 최대 MP +3","숲의 사람에게 나눈 몫을 이 물건은 기억한다."
"set_charm_113","노트르담의 종의 책갈피","장신구-책갈피","일반","1","0","0","없음","쫓겨난 사람이 돌아오는 날 종이 다시 울린다."
"set_charm_114","몽테크리스토의 장부의 책갈피","장신구-책갈피","고급","1","0","0","공격 +2","복수의 값과 자유의 값이 다른 칸에 적혀 있다."
"set_charm_115","시간 기계의 잔광의 책갈피","장신구-책갈피","희귀","2","0","1","회피 % +4","미래에서 흘러온 작은 빛이 지금의 빈틈을 보여 준다."
"set_charm_116","드라큘라의 새벽의 책갈피","장신구-책갈피","영웅","2","0","2","20% 중독 피해 +4 / 최대 MP +2","초대받지 않은 밤이 문턱에서 천천히 힘을 잃는다."
"set_charm_117","천일야화의 등불의 책갈피","장신구-책갈피","전설","3","0","4","최대 MP +3","이야기가 이어지는 동안 아직 끝은 오지 않는다."
"set_charm_118","성냥팔이의 불씨의 책갈피","장신구-책갈피","신화","3","0","6","20% 화상 피해 +6 / 최대 MP +3","사라진 소원의 온기를 살아 있는 사람에게 전한다."
"set_charm_119","파우스트의 서명의 책갈피","장신구-책갈피","일반","1","0","0","없음","계약의 끝에 남은 빈 줄은 아직 당신의 것이다."
"set_charm_120","토끼굴의 나침반","장신구-나침반","일반","1","0","0","없음","갑자기 달라진 크기에도 돌아갈 문을 기억한다."
"set_charm_121","하트 법정의 나침반","장신구-나침반","고급","1","0","0","치명타 % +3","재판의 결론보다 먼저 사람의 목소리를 묻는다."
"set_charm_122","흰 토끼의 시계의 나침반","장신구-나침반","희귀","2","0","1","최대 MP +2","늦었다는 종소리가 울릴 때도 한 번 더 집중한다."
"set_charm_123","거울 나라의 나침반","장신구-나침반","영웅","2","0","2","방어 +4 / 공격 +4","반영 속 상처를 현실의 갑옷으로 바꾼다."
"set_charm_124","피쿼드의 항해의 나침반","장신구-나침반","전설","3","0","4","공격 +5","항해를 멈춘 갑판에도 오래된 맹세가 남았다."
"set_charm_125","백경의 상흔의 나침반","장신구-나침반","신화","3","0","6","흡혈 % +7 / 공격 +6","먼 바다의 상처가 살아남는 자에게 온기를 돌려준다."
"set_charm_126","라만차의 꿈의 나침반","장신구-나침반","일반","1","0","0","없음","비웃음을 견딘 꿈은 누군가의 방패가 된다."
"set_charm_127","산초의 귀환길의 나침반","장신구-나침반","고급","1","0","0","반사 피해 +2","돌아갈 길의 돌멩이도 위험을 향하면 무기가 된다."
"set_charm_128","봉합 실험실의 나침반","장신구-나침반","희귀","2","0","1","최대 HP +9","이음새의 흉터는 실패가 아니라 생존의 기록이다."
"set_charm_129","피조물의 이름의 나침반","장신구-나침반","영웅","2","0","2","흡혈 % +5 / 공격 +4","남에게 받은 이름 대신 스스로 선택한 이름을 새겼다."
"set_charm_130","노틸러스의 심해의 나침반","장신구-나침반","전설","3","0","4","기절 확률 % +5 / 공격 +5","압력에 갇힌 번개의 기억이 금속 안에서 흔들린다."
"set_charm_131","오즈의 녹색 도시의 나침반","장신구-나침반","신화","3","0","6","행운 % +3 / 공격 +6","녹색 유리 아래 숨은 진실을 한 조각씩 드러낸다."
"set_charm_132","셜우드의 숲의 나침반","장신구-나침반","일반","1","0","0","없음","숲의 사람에게 나눈 몫을 이 물건은 기억한다."
"set_charm_133","노트르담의 종의 나침반","장신구-나침반","고급","1","0","0","방어 +2","쫓겨난 사람이 돌아오는 날 종이 다시 울린다."
"set_charm_134","몽테크리스토의 장부의 나침반","장신구-나침반","희귀","2","0","1","공격 +3","복수의 값과 자유의 값이 다른 칸에 적혀 있다."
"set_charm_135","시간 기계의 잔광의 나침반","장신구-나침반","영웅","2","0","2","회피 % +5 / 공격 +4","미래에서 흘러온 작은 빛이 지금의 빈틈을 보여 준다."
"set_charm_136","드라큘라의 새벽의 나침반","장신구-나침반","전설","3","0","4","20% 중독 피해 +5 / 공격 +5","초대받지 않은 밤이 문턱에서 천천히 힘을 잃는다."
"set_charm_137","천일야화의 등불의 나침반","장신구-나침반","신화","3","0","6","최대 MP +3 / 공격 +6","이야기가 이어지는 동안 아직 끝은 오지 않는다."
"set_charm_138","성냥팔이의 불씨의 나침반","장신구-나침반","일반","1","0","0","없음","사라진 소원의 온기를 살아 있는 사람에게 전한다."
"set_charm_139","파우스트의 서명의 나침반","장신구-나침반","고급","1","0","0","행운 % +1","계약의 끝에 남은 빈 줄은 아직 당신의 것이다."
"set_charm_140","토끼굴의 인장","장신구-인장","고급","1","0","0","회피 % +3","갑자기 달라진 크기에도 돌아갈 문을 기억한다."
"set_charm_141","하트 법정의 인장","장신구-인장","희귀","2","0","1","치명타 % +4","재판의 결론보다 먼저 사람의 목소리를 묻는다."
"set_charm_142","흰 토끼의 시계의 인장","장신구-인장","영웅","2","0","2","최대 MP +2 / 기절 확률 % +4","늦었다는 종소리가 울릴 때도 한 번 더 집중한다."
"set_charm_143","거울 나라의 인장","장신구-인장","전설","3","0","4","방어 +5 / 기절 확률 % +5","반영 속 상처를 현실의 갑옷으로 바꾼다."
"set_charm_144","피쿼드의 항해의 인장","장신구-인장","신화","3","0","6","공격 +6 / 기절 확률 % +6","항해를 멈춘 갑판에도 오래된 맹세가 남았다."
"set_charm_145","백경의 상흔의 인장","장신구-인장","일반","1","0","0","없음","먼 바다의 상처가 살아남는 자에게 온기를 돌려준다."
"set_charm_146","라만차의 꿈의 인장","장신구-인장","고급","1","0","0","최대 HP +7","비웃음을 견딘 꿈은 누군가의 방패가 된다."
"set_charm_147","산초의 귀환길의 인장","장신구-인장","희귀","2","0","1","반사 피해 +3","돌아갈 길의 돌멩이도 위험을 향하면 무기가 된다."
"set_charm_148","봉합 실험실의 인장","장신구-인장","영웅","2","0","2","최대 HP +11 / 기절 확률 % +4","이음새의 흉터는 실패가 아니라 생존의 기록이다."
"set_charm_149","피조물의 이름의 인장","장신구-인장","전설","3","0","4","흡혈 % +6 / 기절 확률 % +5","남에게 받은 이름 대신 스스로 선택한 이름을 새겼다."
"set_charm_150","노틸러스의 심해의 인장","장신구-인장","신화","3","0","6","기절 확률 % +6","압력에 갇힌 번개의 기억이 금속 안에서 흔들린다."
"set_charm_151","오즈의 녹색 도시의 인장","장신구-인장","일반","1","0","0","없음","녹색 유리 아래 숨은 진실을 한 조각씩 드러낸다."
"set_charm_152","셜우드의 숲의 인장","장신구-인장","고급","1","0","0","치명타 % +3","숲의 사람에게 나눈 몫을 이 물건은 기억한다."
"set_charm_153","노트르담의 종의 인장","장신구-인장","희귀","2","0","1","방어 +3","쫓겨난 사람이 돌아오는 날 종이 다시 울린다."
"set_charm_154","몽테크리스토의 장부의 인장","장신구-인장","영웅","2","0","2","공격 +4 / 기절 확률 % +4","복수의 값과 자유의 값이 다른 칸에 적혀 있다."
"set_charm_155","시간 기계의 잔광의 인장","장신구-인장","전설","3","0","4","회피 % +6 / 기절 확률 % +5","미래에서 흘러온 작은 빛이 지금의 빈틈을 보여 준다."
"set_charm_156","드라큘라의 새벽의 인장","장신구-인장","신화","3","0","6","20% 중독 피해 +6 / 기절 확률 % +6","초대받지 않은 밤이 문턱에서 천천히 힘을 잃는다."
"set_charm_157","천일야화의 등불의 인장","장신구-인장","일반","1","0","0","없음","이야기가 이어지는 동안 아직 끝은 오지 않는다."
"set_charm_158","성냥팔이의 불씨의 인장","장신구-인장","고급","1","0","0","20% 화상 피해 +2","사라진 소원의 온기를 살아 있는 사람에게 전한다."
"set_charm_159","파우스트의 서명의 인장","장신구-인장","희귀","2","0","1","행운 % +2","계약의 끝에 남은 빈 줄은 아직 당신의 것이다."
"set_charm_160","토끼굴의 유리구슬","장신구-유리구슬","희귀","2","0","1","회피 % +4","갑자기 달라진 크기에도 돌아갈 문을 기억한다."
"set_charm_161","하트 법정의 유리구슬","장신구-유리구슬","영웅","2","0","2","치명타 % +5 / 흡혈 % +5","재판의 결론보다 먼저 사람의 목소리를 묻는다."
"set_charm_162","흰 토끼의 시계의 유리구슬","장신구-유리구슬","전설","3","0","4","최대 MP +3 / 흡혈 % +6","늦었다는 종소리가 울릴 때도 한 번 더 집중한다."
"set_charm_163","거울 나라의 유리구슬","장신구-유리구슬","신화","3","0","6","방어 +6 / 흡혈 % +7","반영 속 상처를 현실의 갑옷으로 바꾼다."
"set_charm_164","피쿼드의 항해의 유리구슬","장신구-유리구슬","일반","1","0","0","없음","항해를 멈춘 갑판에도 오래된 맹세가 남았다."
"set_charm_165","백경의 상흔의 유리구슬","장신구-유리구슬","고급","1","0","0","흡혈 % +3","먼 바다의 상처가 살아남는 자에게 온기를 돌려준다."
"set_charm_166","라만차의 꿈의 유리구슬","장신구-유리구슬","희귀","2","0","1","최대 HP +9","비웃음을 견딘 꿈은 누군가의 방패가 된다."
"set_charm_167","산초의 귀환길의 유리구슬","장신구-유리구슬","영웅","2","0","2","반사 피해 +4 / 흡혈 % +5","돌아갈 길의 돌멩이도 위험을 향하면 무기가 된다."
"set_charm_168","봉합 실험실의 유리구슬","장신구-유리구슬","전설","3","0","4","최대 HP +13 / 흡혈 % +6","이음새의 흉터는 실패가 아니라 생존의 기록이다."
"set_charm_169","피조물의 이름의 유리구슬","장신구-유리구슬","신화","3","0","6","흡혈 % +7","남에게 받은 이름 대신 스스로 선택한 이름을 새겼다."
"set_charm_170","노틸러스의 심해의 유리구슬","장신구-유리구슬","일반","1","0","0","없음","압력에 갇힌 번개의 기억이 금속 안에서 흔들린다."
"set_charm_171","오즈의 녹색 도시의 유리구슬","장신구-유리구슬","고급","1","0","0","행운 % +1","녹색 유리 아래 숨은 진실을 한 조각씩 드러낸다."
"set_charm_172","셜우드의 숲의 유리구슬","장신구-유리구슬","희귀","2","0","1","치명타 % +4","숲의 사람에게 나눈 몫을 이 물건은 기억한다."
"set_charm_173","노트르담의 종의 유리구슬","장신구-유리구슬","영웅","2","0","2","방어 +4 / 흡혈 % +5","쫓겨난 사람이 돌아오는 날 종이 다시 울린다."
"set_charm_174","몽테크리스토의 장부의 유리구슬","장신구-유리구슬","전설","3","0","4","공격 +5 / 흡혈 % +6","복수의 값과 자유의 값이 다른 칸에 적혀 있다."
"set_charm_175","시간 기계의 잔광의 유리구슬","장신구-유리구슬","신화","3","0","6","회피 % +7 / 흡혈 % +7","미래에서 흘러온 작은 빛이 지금의 빈틈을 보여 준다."
"set_charm_176","드라큘라의 새벽의 유리구슬","장신구-유리구슬","일반","1","0","0","없음","초대받지 않은 밤이 문턱에서 천천히 힘을 잃는다."
"set_charm_177","천일야화의 등불의 유리구슬","장신구-유리구슬","고급","1","0","0","최대 MP +1","이야기가 이어지는 동안 아직 끝은 오지 않는다."
"set_charm_178","성냥팔이의 불씨의 유리구슬","장신구-유리구슬","희귀","2","0","1","20% 화상 피해 +3","사라진 소원의 온기를 살아 있는 사람에게 전한다."
"set_charm_179","파우스트의 서명의 유리구슬","장신구-유리구슬","영웅","2","0","2","행운 % +2 / 흡혈 % +5","계약의 끝에 남은 빈 줄은 아직 당신의 것이다."
"set_charm_180","토끼굴의 종","장신구-종","영웅","2","0","2","회피 % +5 / 반사 피해 +4","갑자기 달라진 크기에도 돌아갈 문을 기억한다."
"set_charm_181","하트 법정의 종","장신구-종","전설","3","0","4","치명타 % +6 / 반사 피해 +5","재판의 결론보다 먼저 사람의 목소리를 묻는다."
"set_charm_182","흰 토끼의 시계의 종","장신구-종","신화","3","0","6","최대 MP +3 / 반사 피해 +6","늦었다는 종소리가 울릴 때도 한 번 더 집중한다."
"set_charm_183","거울 나라의 종","장신구-종","일반","1","0","0","없음","반영 속 상처를 현실의 갑옷으로 바꾼다."
"set_charm_184","피쿼드의 항해의 종","장신구-종","고급","1","0","0","공격 +2","항해를 멈춘 갑판에도 오래된 맹세가 남았다."
"set_charm_185","백경의 상흔의 종","장신구-종","희귀","2","0","1","흡혈 % +4","먼 바다의 상처가 살아남는 자에게 온기를 돌려준다."
"set_charm_186","라만차의 꿈의 종","장신구-종","영웅","2","0","2","최대 HP +11 / 반사 피해 +4","비웃음을 견딘 꿈은 누군가의 방패가 된다."
"set_charm_187","산초의 귀환길의 종","장신구-종","전설","3","0","4","반사 피해 +5","돌아갈 길의 돌멩이도 위험을 향하면 무기가 된다."
"set_charm_188","봉합 실험실의 종","장신구-종","신화","3","0","6","최대 HP +15 / 반사 피해 +6","이음새의 흉터는 실패가 아니라 생존의 기록이다."
"set_charm_189","피조물의 이름의 종","장신구-종","일반","1","0","0","없음","남에게 받은 이름 대신 스스로 선택한 이름을 새겼다."
"set_charm_190","노틸러스의 심해의 종","장신구-종","고급","1","0","0","기절 확률 % +2","압력에 갇힌 번개의 기억이 금속 안에서 흔들린다."
"set_charm_191","오즈의 녹색 도시의 종","장신구-종","희귀","2","0","1","행운 % +2","녹색 유리 아래 숨은 진실을 한 조각씩 드러낸다."
"set_charm_192","셜우드의 숲의 종","장신구-종","영웅","2","0","2","치명타 % +5 / 반사 피해 +4","숲의 사람에게 나눈 몫을 이 물건은 기억한다."
"set_charm_193","노트르담의 종의 종","장신구-종","전설","3","0","4","방어 +5 / 반사 피해 +5","쫓겨난 사람이 돌아오는 날 종이 다시 울린다."
"set_charm_194","몽테크리스토의 장부의 종","장신구-종","신화","3","0","6","공격 +6 / 반사 피해 +6","복수의 값과 자유의 값이 다른 칸에 적혀 있다."
"set_charm_195","시간 기계의 잔광의 종","장신구-종","일반","1","0","0","없음","미래에서 흘러온 작은 빛이 지금의 빈틈을 보여 준다."
"set_charm_196","드라큘라의 새벽의 종","장신구-종","고급","1","0","0","20% 중독 피해 +2","초대받지 않은 밤이 문턱에서 천천히 힘을 잃는다."
"set_charm_197","천일야화의 등불의 종","장신구-종","희귀","2","0","1","최대 MP +2","이야기가 이어지는 동안 아직 끝은 오지 않는다."
"set_charm_198","성냥팔이의 불씨의 종","장신구-종","영웅","2","0","2","20% 화상 피해 +4 / 반사 피해 +4","사라진 소원의 온기를 살아 있는 사람에게 전한다."
"set_charm_199","파우스트의 서명의 종","장신구-종","전설","3","0","4","행운 % +3 / 반사 피해 +5","계약의 끝에 남은 빈 줄은 아직 당신의 것이다."
"set_charm_200","토끼굴의 브로치","장신구-브로치","전설","3","0","4","회피 % +6 / 20% 화상 피해 +5","갑자기 달라진 크기에도 돌아갈 문을 기억한다."
"set_charm_201","하트 법정의 브로치","장신구-브로치","신화","3","0","6","치명타 % +7 / 20% 화상 피해 +6","재판의 결론보다 먼저 사람의 목소리를 묻는다."
"set_charm_202","흰 토끼의 시계의 브로치","장신구-브로치","일반","1","0","0","없음","늦었다는 종소리가 울릴 때도 한 번 더 집중한다."
"set_charm_203","거울 나라의 브로치","장신구-브로치","고급","1","0","0","방어 +2","반영 속 상처를 현실의 갑옷으로 바꾼다."
"set_charm_204","피쿼드의 항해의 브로치","장신구-브로치","희귀","2","0","1","공격 +3","항해를 멈춘 갑판에도 오래된 맹세가 남았다."
"set_charm_205","백경의 상흔의 브로치","장신구-브로치","영웅","2","0","2","흡혈 % +5 / 20% 화상 피해 +4","먼 바다의 상처가 살아남는 자에게 온기를 돌려준다."
"set_charm_206","라만차의 꿈의 브로치","장신구-브로치","전설","3","0","4","최대 HP +13 / 20% 화상 피해 +5","비웃음을 견딘 꿈은 누군가의 방패가 된다."
"set_charm_207","산초의 귀환길의 브로치","장신구-브로치","신화","3","0","6","반사 피해 +6 / 20% 화상 피해 +6","돌아갈 길의 돌멩이도 위험을 향하면 무기가 된다."
"set_charm_208","봉합 실험실의 브로치","장신구-브로치","일반","1","0","0","없음","이음새의 흉터는 실패가 아니라 생존의 기록이다."
"set_charm_209","피조물의 이름의 브로치","장신구-브로치","고급","1","0","0","흡혈 % +3","남에게 받은 이름 대신 스스로 선택한 이름을 새겼다."
"set_charm_210","노틸러스의 심해의 브로치","장신구-브로치","희귀","2","0","1","기절 확률 % +3","압력에 갇힌 번개의 기억이 금속 안에서 흔들린다."
"set_charm_211","오즈의 녹색 도시의 브로치","장신구-브로치","영웅","2","0","2","행운 % +2 / 20% 화상 피해 +4","녹색 유리 아래 숨은 진실을 한 조각씩 드러낸다."
"set_charm_212","셜우드의 숲의 브로치","장신구-브로치","전설","3","0","4","치명타 % +6 / 20% 화상 피해 +5","숲의 사람에게 나눈 몫을 이 물건은 기억한다."
"set_charm_213","노트르담의 종의 브로치","장신구-브로치","신화","3","0","6","방어 +6 / 20% 화상 피해 +6","쫓겨난 사람이 돌아오는 날 종이 다시 울린다."
"set_charm_214","몽테크리스토의 장부의 브로치","장신구-브로치","일반","1","0","0","없음","복수의 값과 자유의 값이 다른 칸에 적혀 있다."
"set_charm_215","시간 기계의 잔광의 브로치","장신구-브로치","고급","1","0","0","회피 % +3","미래에서 흘러온 작은 빛이 지금의 빈틈을 보여 준다."
"set_charm_216","드라큘라의 새벽의 브로치","장신구-브로치","희귀","2","0","1","20% 중독 피해 +3","초대받지 않은 밤이 문턱에서 천천히 힘을 잃는다."
"set_charm_217","천일야화의 등불의 브로치","장신구-브로치","영웅","2","0","2","최대 MP +2 / 20% 화상 피해 +4","이야기가 이어지는 동안 아직 끝은 오지 않는다."
"set_charm_218","성냥팔이의 불씨의 브로치","장신구-브로치","전설","3","0","4","20% 화상 피해 +5","사라진 소원의 온기를 살아 있는 사람에게 전한다."
"set_charm_219","파우스트의 서명의 브로치","장신구-브로치","신화","3","0","6","행운 % +3 / 20% 화상 피해 +6","계약의 끝에 남은 빈 줄은 아직 당신의 것이다."
"set_charm_220","토끼굴의 열쇠","장신구-열쇠","신화","3","0","6","회피 % +7 / 20% 중독 피해 +6","갑자기 달라진 크기에도 돌아갈 문을 기억한다."
"set_charm_221","하트 법정의 열쇠","장신구-열쇠","일반","1","0","0","없음","재판의 결론보다 먼저 사람의 목소리를 묻는다."
"set_charm_222","흰 토끼의 시계의 열쇠","장신구-열쇠","고급","1","0","0","최대 MP +1","늦었다는 종소리가 울릴 때도 한 번 더 집중한다."
"set_charm_223","거울 나라의 열쇠","장신구-열쇠","희귀","2","0","1","방어 +3","반영 속 상처를 현실의 갑옷으로 바꾼다."
"set_charm_224","피쿼드의 항해의 열쇠","장신구-열쇠","영웅","2","0","2","공격 +4 / 20% 중독 피해 +4","항해를 멈춘 갑판에도 오래된 맹세가 남았다."
"set_charm_225","백경의 상흔의 열쇠","장신구-열쇠","전설","3","0","4","흡혈 % +6 / 20% 중독 피해 +5","먼 바다의 상처가 살아남는 자에게 온기를 돌려준다."
"set_charm_226","라만차의 꿈의 열쇠","장신구-열쇠","신화","3","0","6","최대 HP +15 / 20% 중독 피해 +6","비웃음을 견딘 꿈은 누군가의 방패가 된다."
"set_charm_227","산초의 귀환길의 열쇠","장신구-열쇠","일반","1","0","0","없음","돌아갈 길의 돌멩이도 위험을 향하면 무기가 된다."
"set_charm_228","봉합 실험실의 열쇠","장신구-열쇠","고급","1","0","0","최대 HP +7","이음새의 흉터는 실패가 아니라 생존의 기록이다."
"set_charm_229","피조물의 이름의 열쇠","장신구-열쇠","희귀","2","0","1","흡혈 % +4","남에게 받은 이름 대신 스스로 선택한 이름을 새겼다."
"set_charm_230","노틸러스의 심해의 열쇠","장신구-열쇠","영웅","2","0","2","기절 확률 % +4 / 20% 중독 피해 +4","압력에 갇힌 번개의 기억이 금속 안에서 흔들린다."
"set_charm_231","오즈의 녹색 도시의 열쇠","장신구-열쇠","전설","3","0","4","행운 % +3 / 20% 중독 피해 +5","녹색 유리 아래 숨은 진실을 한 조각씩 드러낸다."
"set_charm_232","셜우드의 숲의 열쇠","장신구-열쇠","신화","3","0","6","치명타 % +7 / 20% 중독 피해 +6","숲의 사람에게 나눈 몫을 이 물건은 기억한다."
"set_charm_233","노트르담의 종의 열쇠","장신구-열쇠","일반","1","0","0","없음","쫓겨난 사람이 돌아오는 날 종이 다시 울린다."
"set_charm_234","몽테크리스토의 장부의 열쇠","장신구-열쇠","고급","1","0","0","공격 +2","복수의 값과 자유의 값이 다른 칸에 적혀 있다."
"set_charm_235","시간 기계의 잔광의 열쇠","장신구-열쇠","희귀","2","0","1","회피 % +4","미래에서 흘러온 작은 빛이 지금의 빈틈을 보여 준다."
"set_charm_236","드라큘라의 새벽의 열쇠","장신구-열쇠","영웅","2","0","2","20% 중독 피해 +4","초대받지 않은 밤이 문턱에서 천천히 힘을 잃는다."
"set_charm_237","천일야화의 등불의 열쇠","장신구-열쇠","전설","3","0","4","최대 MP +3 / 20% 중독 피해 +5","이야기가 이어지는 동안 아직 끝은 오지 않는다."
